b'\x00\x00\x00\x00\x00\x00\x00\x00\x00\x00\x00\x00\x00\x00\x00\x00\xb0\x83z\xa4\xff\xff\xff\xff\x00\x00\x00\x00\x00\x00\x00\x00\x00\x00\x00\x00\x00\x00\x00\x00\x00\x00\x00\x00\x00\x00\x00\x00\x00\x00\x00\x00\x00\x00\x00\x00\x00\x00\x00\x00\x00\x00\x00\x00', 2
b'\x01\x00\x00\x00\x00\x00\x00\x00\xc0\xb6\xc2\xfb\x0c\x9c\xff\xff\xc0\xb6\xc2\xfb\x0c\x9c\xff\xff\r\xdb\x06\xa4\xff\xff\xff\xff\x89\xa2\x11\xa4\xff\xff\xff\xff\x00\x00\x00\x00\x00\x00\x00\x00\x80\xb8\xc2\xfb\x0c\x9c\xff\xff\x00\x00\x00\x00\x00\x00\x00\x00', 2
b'\xb0\xfe"C\x17\xc0\xff\xff\x00\xd3\xc1\xfb\x0c\x9c\xff\xff\x00\x00\x00\x00\x00\x00\x00\x00@[\x17\xa4\xff\xff\xff\xff\x04\x00\x00\x00\x00\x00\x00\x00\x00\x00\x88\xc8\x0c\x9c\xff\xff\x00\x00\x88\xc8\x0c\x9c\xff\xff\x01\x00\x00\x00\x00\x00\x00\x00', 2
b'\x00\xc4\x05\x00\xc0\x00\x00\x00\x02\x02\x00\x00\x00\x00\x00\x00\xd0\xacV\xd2I\x7f\x00\x00\x00\x00\x00\x00\x00\x00\x00\x00\x00\x00\x00\x00\x00\x00\x00\x00\xda\xff\xff\xff\xff\xff\xff\xff\x83Y\x84\xda}U\x00\x00\x00\x00\x00\x00\x00\x00\x00\x00', 3
b'\x80\x00\x00\x00\x00\x00\x00\x00Xj\xeb\xdc}U\x00\x00\xca\x00\x00\x00\x00\x00\x00\x00\x83Y\x84\xda}U\x00\x003\x00\x00\x00\x00\x00\x00\x00\x02\x02\x00\x00\x00\x00\x00\x00\x98\xacV\xd2I\x7f\x00\x00+\x00\x00\x00\x00\x00\x00\x00', 3
b'\x05\x00\x00\x00\x00\x00\x00\x00\x00\x00\x00\x00\x00\x00\x00\x00\x00\x00\x00\x00\x00\x00\x00\x00\x00L\xe1\xc6\x0c\x9c\xff\xff\x8a\x02\x12\xa4\xff\xff\xff\xff\x00L\xe1\xc6\x0c\x9c\xff\xff@\xb7\xc2\xfb\x0c\x9c\xff\xff\x01\x00\x00\x00\x00\x00\x00\x00', 2
b'\x00\x00\x00\x00\x00\x00\x00\x00\xc0\xb6\xc2\xfb\x0c\x9c\xff\xff`\xfc!B\x17\xc0\xff\xff\x00\x00\x00\x00\x00\x00\x00\x00\xa9N\x12\xa4\xff\xff\xff\xff\t\x00\x00\x00\x00\x00\x00\x00\xc0\x003\xc5\x0c\x9c\xff\xff\x00L\xe1\xc6\x0c\x9c\xff\xff', 2
b'\x00\x003\xc5\x0c\x9c\xff\xff\xc0\xb6\xc2\xfb\x0c\x9c\xff\xff\xa8 \x12\xa4\xff\xff\xff\xff\x00\x00\x00\x00\x00\x00\x00\x00\xc0\xb6\xc2\xfb\x0c\x9c\xff\xff\xc0\xb6\xc2\xfb\x0c\x9c\xff\xff\x00\x00\x82\xc2\x0c\x9c\xff\xff`\xfc!B\x17\xc0\xff\xff', 2
b'\x87\x00\x00\x00\x00\x00\x00\x00l\x0c\x82\xc2\x0c\x9c\xff\xff\x00\x00\x00\x00\x00\x00\x00\x00\xc2J\x11\xa4\xff\xff\xff\xff\xc0\xb6\xc2\xfb\x0c\x9c\xff\xff\xf7J\x11\xa4\xff\xff\xff\xff\x00\x00\x82\xc2\x0c\x9c\xff\xff\xc0\xb6\xc2\xfb\x0c\x9c\xff\xff', 2
b'\x08\x12D\xf0\x0c\x9c\xff\xff\x01\x00\x00\x00\x00\x00\x00\x00\x00\x00\x00\x00\x00\x00\x00\x00\x01\x00\x00\x00\x00\x00\x00\x00F+6\xa4\xff\xff\xff\xff\x00\x00\x00\x00\x00\x00\x00\x00\x00\x00\x82\xc2\x0c\x9c\xff\xff\x00g\x11\xa4\xff\xff\xff\xff', 2
b'(6\xa5\xcf\x0c\x9c\xff\xff\x006\xa5\xcf\x0c\x9c\xff\xffI\x84z\xa4\xff\xff\xff\xff\x00\x003\xc5\x0c\x9c\xff\xff\x086\xa5\xcf\x0c\x9c\xff\xff\x00\xd0\x04\xc0\x0c\x9c\xff\xff\x00\xb2\x11\xc0\x0c\x9c\xff\xff\xb6+\xc3\xa4\xff\xff\xff\xff', 2
b'\x00\x00\x00\x00\x00\x00\x00\x00r\x00\x00\x00\x00\x00\x00\x00\x00\x00\x00\x00\x00\x00\x00\x00\x00\x00\x00\x00\x00\x00\x00\x00\x00\x00\x00\x00\x00\x00\x00\x00\x00\x00\x00\x00\x00\x00\x00\x00@\xf2\x13\xa4\xff\xff\xff\xff\x00\x00\x00\x00\x00\x00\x00\x00', 2
b'\x00\x00\x00\x00\x00\x00\x00\x00\x00\x00\x00\x00\x00\x00\x00\x00\x00\x00\x00\x00\x00\x00\x00\x00\x00\x00\x00\x00\x00\x00\x00\x00\x00\x00\x00\x00\x00\x00\x00\x00\x00\x00\x00\x00\x00\x00\x00\x00\xc0\xb6\xc2\xfb\x0c\x9c\xff\xff\x00\x00\x00\x00\x00\x00\x00\x00', 6
b'\x00\x00\x00\x00\x00\x00\x00\x00\x00\x00\x00\x00\x00\x00\x00\x00\x00\x00\x00\x00\x00\x00\x00\x00\x00\x00\x00\x00\x00\x00\x00\x00\x00\x00\x00\x00\x00\x00\x00\x00\x00\x00\x00\x00\x00\x00\x00\x00\xc0\xb6\xc2\xfb\x0c\x9c\xff\xff\x01\x00\x00\x00\x00\x00\x00\x00', 10
b'\x00\xe0m\xc7\x0c\x9c\xff\xff0\x00\x00\x00\x01\x00\x00\x00J\x01\x00\x00\x00\x00\x00\x00\x00\x00\x00\x00\x00\x00\x00\x00\x00\x00\x00\x00\x00\x00\x00\x00\xff\xff\xff\xff\xff\xff\x07\x00\xff\xff\xff\xff\xff\xff\x07\x00\x00\x00\x00\x00\x00\x00\x00\x00', 2
b'\x03\x00\x00\x00\x00\x00\x00\x00\x00\x00\x00\x00\x00\x00\x00\x00\x00\x00\x00\x00\x00\x00\x00\x00\x00\x00\x00\x00\x00\x00\x00\x00\x00\x00\x00\x00\x00\x00\x00\x00\x00\x00\x00\x00\x00\x00\x00\x00\x00\x00\x00\x00\x00\x00\x00\x00\x00\x00\x00\x00\x00\x00\x00\x00', 3
b'\x02\x00\x00\x00\x00\x00\x00\x00@\xb0\xc2\xfb\x0c\x9c\xff\xff\x00\x00\x00\x00\x00\x00\x00\x00\x00\x00\x00\x00\x00\x00\xff\xff8\xee\x05\xc8\x0c\x9c\xff\xff8\xee\x05\xc8\x0c\x9c\xff\xff\x80z\n\xc7\x0c\x9c\xff\xff$\x00\x00\x00\x00\x00\x00\x00', 7
b'\x00\x00\x01\x00\x00\x00\x00\x00`\xa9\x0c\xc3\x0c\x9c\xff\xff\x00\x00\x00\x00\x00\x00\x00\x00X\x00\x00\x00\xb0\x00\x00\x00\x08\x00\x00\x00\x10\x00\x00\x00\x07\x00\x00\x00\x00\x00\x00\x00\x00\x00\x00\x00\x00\x00\x00\x00`q,\xa5\xff\xff\xff\xff', 7
b'|\x9a\x84\x00\x00\x00\x00\x00\x00\x00\x00\x00\x00\x00\x00\x00\x00\x00\x00\x00\x00\x00\x00\x00`I\xf7\x1el-v\xf8\x00\x00\x00\x00\x00\x00\x00\x00rl\xf9\xae\xadL<$\x0c\xe3nx\x00\x00\x00\x00?\xab\xeb:F\x03\x00\x00', 2
b'\x01\x00\x00\x00\x00\x00\x00\x00\x00\x00\x00\x00\x00\x00\x00\x00\x00\xf4\x9d\xcf\x0c\x9c\xff\xff\x00\xf0\x9d\xcf\x0c\x9c\xff\xff\x8a\x02\x12\xa4\xff\xff\xff\xff\x00\x00\x00\x00\x00\x00\x00\x00\x80\xb8\xc2\xfb\x0c\x9c\xff\xff\x00\x00\x00\x00\x00\x00\x00\x00', 2
b'\x00\xc0\xc2\xfb\x0c\x9c\xff\xff@\xb7\xc2\xfb\x0c\x9c\xff\xff\xc0\xbe\xc2\xfb\x0c\x9c\xff\xffJ\x13\x12\xa4\xff\xff\xff\xff\x01\x00\x00\x00\x00\x00\x00\x00\x00\x00\x00\x00\x00\x00\x00\x00\xc0\xb6\xc2\xfb\x0c\x9c\xff\xff\x00\xf0\x9d\xcf\x0c\x9c\x00\x00', 2
b'\x00\x00\x00\x00\x00\x00\x00\x00\x01\x00\x04\xc2\x0c\x9c\xff\xff\x00\x00\x00\x00\x00\x00\x00\x00\xd8\xd8\xa9\xcb\x0c\x9c\xff\xff\xd8\xd8\xa9\xcb\x0c\x9c\xff\xff\x00\x00\x00\x00\x00\x00\x00\x00\x00\x00\x00\x00\x00\x00\x00\x00\xf8\xd8\xa9\xcb\x0c\x9c\xff\xff', 2
b'\x00\x00\x10\x00\x00\x00\x00\x00\x00\x00\x00\x00\x00\x00\x00\x00\x01\x00\x00\x00\x00\x00\x00\x00\x00\x00\x00\x00\x00\x00\x00\x00\x00\x00\x00\x00\x00\x00\x00\x00\x00\x00\x00\x00\x00\x00\x00\x00\x00\x00\x00\x00\x00\x00\x00\x00\x00\x00\x00\x00\x00\x00\x00\x00', 4
b'\x00\x00}+I\x7f\x00\x00\x007\xb7\xe8xA\xd8\x19 g\xaa\x00\x00\x00\x00\x00q\x00}+I\x7f\x00\x00\x00\x00\x00\x00\x00\x00\x00\x00\x90q\xf2|\xfe\x7f\x00\x00\x00\x00\x00\x00\x00\x00\x00\x00xq\xf2|\xfe\x7f\x00\x00', 2
b'0\x88\xc1\xfb\x0c\x9c\xff\xff\x00\x00\x00\x00\x00\x00\x00\x00\r\xdb\x06\xa4\xff\xff\xff\xff\x89\xa2\x11\xa4\xff\xff\xff\xff0\x88\xc1\xfb\x0c\x9c\xff\xff\x00\x00\x00\x00\x00\x00\x00\x00\xa8\xaa\x11\xa4\xff\xff\xff\xff\x00\x01\x00\x00\x00\x00\x00\x00', 2
b'\xd8 \x91\xc7\x0c\x9c\xff\xff\x00\x00\x00\x00\x00\x00\x00\x00\x00\x00\x00\x00\x00\x00\x00\x00\x00\x00\x00\x00\x00\x00\x00\x00\x00\x00\x00\x00\x00\x00\x00\x00\x00\x00\x00\x00\x00\x00\x00\x00\x00\x00\x00\x00\x00\x00\x00\x00\x00\x00\x00\x00\x00\x00\x00\x00', 4
b'\x00\xc0\xc2\xfb\x0c\x9c\xff\xff@\xdb\xe3\xc5\x0c\x9c\xff\xff\xc0\xebz\xa6\xff\xff\xff\xff\x00\x00\x00\x00\x00\x00\x00\x00\x00\x00\x00\x00\x00\x00\x00\x00\x00\x00\x00\x00\x00\x00\x00\x00\x00\x00\x00\x00\x00\x00\x00\x00\x00\x00\x00\x00\x00\x00\x00\x00', 2
b'\xe9\x03\x00\x00\x00\x00\x00\x00\x00\x04\x00\x00\x00\x00\x00\x00\x00\x00\x00\x00\x00\x00\x00\x00\x00\x01\x00\x00\x00\x00\x00\x00\x00\x00\x00\x00\x00\x00\x00\x00\x00\x00\x00\x00\x00\x00\x00\x00\x00\x00\x00\x00\x00\x00\x00\x00\x00\x00\x00\x00\x00\x00\x00\x00', 3
b'\x00h\xc3\xb1D\x03\x00\x00\x00\x00\x00\x00\x00\x00\x00\x00\x00\x00\x00\x00\x00\x00\x00\x00\x00\x00\x00\x00\xda\x00\x00\x00\x00\x00\x00\x00\x00\x00\x00\x00\x00\x00\x00\x00\x00\x00\x00\x00\x00\x00\x00\x00\x00\x00\x00\x00\x00\x00\x00\x00\x00\x00\x00\x00', 2
b'\x00\x00\x00\x00\x00\x00\x00\x00\x00\x00\x00\x00\x00\x00\x00\x00\x00\x00\x00\x00\x00\x00\x00\x00\x01\x00\x00\x00\x00\x00\x00\x00\x00\x00\x00\x00\x00\x00\x00\x00\x00\x00\x00\x00\x00\x00\x00\x00\x00\x00\x00\x00\x00\x00\x00\x00\x00\x00\x00\x00\x00\x00\x00\x00', 4
b'\x00\x00\x00\x00\x00\x00\x00\x00\x00\x00\x00\x00\x00\x00\x00\x00\x00\x00\x00\x00\x00\x00\x00\x00\x00\x00\x00\x00\x00\x00\x00\x00\x00\x00\x00\x00\x00\x00\x00\x00\x00\x00\x00\x00\x00\x00\x00\x00\x89\x03\x00\x00\x00\x00\x00\x00\x00\x00\x00\x00\x00\x00\x00\x00', 2
b'\x00\x00\x00\x00\x00\x00\x00\x00\x00\x00\x00\x00\x00\x00\x00\x00\x00\x00\x00\x00\x00\x00\x00\x00\x00\x00\x00\x00\x00\x00\x00\x00\x00\x00\x00\x00\x00\x00\x00\x00\x00\x00\x00\x00\x00\x00\x00\x00\x01\x00\x00\x00\x00\x00\x00\x00\x05\x00\x00\x00\x00\x00\x00\x00', 2
b'\x00\x00\x00\x00\x00\x00\x00\x00\x00\x00\x00\x00\x00\x00\x00\x00\x00\x00\x00\x00\x00\x00\x00\x00\x00\x00\x00\x00\x00\x00\x00\x00\x00\x00\x00\x00\x00\x00\x00\x00ps\x00\x00onix-test-s\x00\x00\x00\x00\x00\x00\x00\x00\x00', 2
b'\x00\x00\x00\x00\x00\x00\x00\x00\x00\x00\x00\x00\x00\x00\x00\x00\x00\x00\x00\x00\x00\x00\x00\x00\x00\x00\x00\x00\x00\x00\x00\x00&K\x03\x00\x00\x00\x00\x00\x1e\x00\x00\x00\x00\x00\x00\x00L\x01\x00\x00\x00\x00\x00\x00\x01\x00\x00\x00\x00\x00\x00\x00', 2
b'\x7f\x03\x00\x00\x00\x00\x00\x00\x00\x00\x00\x00\x00\x00\x00\x00\x00\x00\x00\x00\x00\x00\x00\x00\xa0\x1f\x00\x00\xff\xff\x00\x00\x00\x00\x00\x00\x00\x00\x00\x00\x00\x00\x00\x00\x00\x00\x00\x00\x00\x00\x00\x00\x00\x00\x00\x00\x00\x00\x00\x00\x00\x00\x00\x00', 2
b'\x00\x00\x00\x00\x00\x00\x00\x00\x00\x00\x00\x00\x00\x00\x00\x00\x00\x00\x00\x00\x00\x00\x00\x00\x00\x00\x00\x00\x00\x00\x00\x00\x00\x00\x00\x00\x00\x00\x00\x00\xda4\x00\x00\x00\x00\x00\x00\xc96\x00\x00\x00\x00\x00\x00I\x88\x04\x00\x00\x00\x00\x00', 2
b'\x00\x1eo\xc5\x0c\x9c\xff\xff@\xa4\xb4\xec\x0c\x9c\xff\xff\x00\xf5\xe1\xc5\x0c\x9c\xff\xff\x00\x1eo\xc5\x0c\x9c\xff\xff@\xa4\xb4\xec\x0c\x9c\xff\xff\x00\xf5\xe1\xc5\x0c\x9c\xff\xff@\xa4\xb4\xec\x0c\x9c\xff\xff@\xa4\xb4\xec\x0c\x9c\xff\xff', 2
b'\x00\x1eo\xc5\x0c\x9c\xff\xff@\xa4\xb4\xec\x0c\x9c\xff\xff\x00\xf5\xe1\xc5\x0c\x9c\xff\xff@\xa4\xb4\xec\x0c\x9c\xff\xff@\xa4\xb4\xec\x0c\x9c\xff\xff\x00\x00\x00\x00\x00\x00\x00\x00\x00\x00\x00\x00\x00\x00\x00\x00\x00\x00\x00\x00\x00\x00\x00\x00', 2
b'\x00\xf5\xe1\xc5\x0c\x9c\xff\xff\x00\x1eo\xc5\x0c\x9c\xff\xff@\xa4\xb4\xec\x0c\x9c\xff\xff@\xa4\xb4\xec\x0c\x9c\xff\xff\x00\x1eo\xc5\x0c\x9c\xff\xff\x00\x1eo\xc5\x0c\x9c\xff\xff@\xa4\xb4\xec\x0c\x9c\xff\xff\x00\x1eo\xc5\x0c\x9c\xff\xff', 2
b'\x00\x1eo\xc5\x0c\x9c\xff\xff\x00\x1eo\xc5\x0c\x9c\xff\xff\x00\x1eo\xc5\x0c\x9c\xff\xff@\xa4\xb4\xec\x0c\x9c\xff\xff\x00\x1eo\xc5\x0c\x9c\xff\xff@\xa4\xb4\xec\x0c\x9c\xff\xff@\xa4\xb4\xec\x0c\x9c\xff\xff@\xa4\xb4\xec\x0c\x9c\xff\xff', 2
b'@\xa4\xb4\xec\x0c\x9c\xff\xff@\xa4\xb4\xec\x0c\x9c\xff\xff@\xa4\xb4\xec\x0c\x9c\xff\xff\x00\x1eo\xc5\x0c\x9c\xff\xff@\xa4\xb4\xec\x0c\x9c\xff\xff\x00\x1eo\xc5\x0c\x9c\xff\xff\x00\x1eo\xc5\x0c\x9c\xff\xff\x00\x1eo\xc5\x0c\x9c\xff\xff', 2
b'@\xa4\xb4\xec\x0c\x9c\xff\xff\x00\x1eo\xc5\x0c\x9c\xff\xff\x00\x1eo\xc5\x0c\x9c\xff\xff\x00\x1eo\xc5\x0c\x9c\xff\xff@\xa4\xb4\xec\x0c\x9c\xff\xff\x00\x00\x00\x00\x00\x00\x00\x00\x00\x00\x00\x00\x00\x00\x00\x00\x00\x00\x00\x00\x00\x00\x00\x00', 2
b'\x80][\xe8\x0b\x9c\xff\xff8\xd0\x04\xc0\x0c\x9c\xff\xff\x00\x00\x00\x00\x00\x00\x00\x00\x00\x00\x00\x00\x00\x00\x00\x00\x00\x00\x00\x00\x00\x00\x00\x00\xa8j\xfe\xc1\x0c\x9c\xff\xff\xa8j\xfe\xc1\x0c\x9c\xff\xff\x00\x003\xc5\x0c\x9c\xff\xff', 2
b'\x00\x00\x00\x00\x00\x00\x00\x00\x00\x00\x00\x00\x00\x00\x00\x00\x00\x833\xc1\x0b\x9c\xff\xff\x00\x00\x00\x00\x00\x00\x00\x00\x00\x00\x00\x00\x00\x00\x00\x00\x00\x00\x00\x00\x00\x00\x00\x00\xff\xff\xff\xff\xff\xff\xff\xff\x00\x00\x00\x00\x00\x00\x00\x00', 10
b'\x00\x00\x00\x00\x00\x00\x00\x00\x00\x00\x00\x00\x00\x00\x00\x00\x80\xca\x91\xc0\x0c\x9c\xff\xff\x00\x00\x00\x00\x00\x00\x00\x00\x00\x00\x00\x00\x00\x00\x00\x00 \x00\x00\x00\x00\x00\x00\x00\xff\xff\xff\xff\xff\xff\xff\xff\x00\x00\x00\x00\x00\x00\x00\x00', 7
b"@\x15'\xc0\x0c\x9c\xff\xff\x7f~\x07\xa4\xff\xff\xff\xff\x04 `\n\x00\x00\x00\x00\x80g\xc6\xa5\x03\x00\x00\x00\x00\x003\xc5\x0c\x9c\xff\xff\xc0\xb6\xc2\xfb\x0c\x9c\xff\xff\x00\x00\x82\xc2\x0c\x9c\xff\xff\x00\xd0\x04\xc0\x0c\x9c\xff\xff", 2
b'\x00\x00\x00\x00\x00\x00\x00\x00\x00\x00\x00\x00\x00\x00\x00\x00\xc0\x863\xc1\x0b\x9c\xff\xff\x00\x00\x00\x00\x00\x00\x00\x00\x00\x00\x00\x00\x00\x00\x00\x00\x00\x00\x00\x00\x00\x00\x00\x00\xff\xff\xff\xff\xff\xff\xff\xff\x00\x00\x00\x00\x00\x00\x00\x00', 4
b'\xea\x15\xd6a\x00\x00\x00\x00\x13\xc9\x92\x07\x00\x00\x00\x00\xea\x15\xd6a\x00\x00\x00\x00\x13\xc9\x92\x07\x00\x00\x00\x00\xea\x15\xd6a\x00\x00\x00\x00\x13\xc9\x92\x07\x00\x00\x00\x00\x00\x00\x00\x00\x00\x00\n\x00\x00\x00\x00\x00\x00\x00\x00\x00', 2
b'\xea\x15\xd6a\x00\x00\x00\x00\x13\xc9\x92\x07\x00\x00\x00\x00\x00\x00\x00\x00\x00\x00\n\x00\x00\x00\x00\x00\x00\x00\x00\x00`\x00\x00\x00\x00\x00\x00\x00\x00\x00\x00\x00\x00\x00\x00\x00\x00\x00\x00\x00\x00\x00\x00\x00\x00\x00\x00\x00\x00\x00\x00\x00', 2
b'\x00\x00\x00\x00\x00\x00\x00\x00\x00\x00\x00\x00\x00\x00\x00\x00\xc0\x893\xc1\x0b\x9c\xff\xff\x00\x00\x00\x00\x00\x00\x00\x00\x00\x00\x00\x00\x00\x00\x00\x00\x00\x00\x00\x00\x00\x00\x00\x00\xff\xff\xff\xff\xff\xff\xff\xff\x00\x00\x00\x00\x00\x00\x00\x00', 3
b'\x00\x00\x00\x00\x00\x00\x00\x00\x00\x00\x00\x00\x00\x00\x00\x00\xc0\x00/\xcd\x0c\x9c\xff\xff\x00\x00\x00\x00\x00\x00\x00\x00\x00\x00\x00\x00\x00\x00\x00\x00\x00\x00\x00\x00\x00\x00\x00\x00\x00\x00\x00\x00\x00\x00\x00\x00\x00\x00\x00\x00\x00\x00\x00\x00', 2
b'\x00\x00\x10\x00\x00\x00\x00\x00\x00\x00\x00\x00\x00\x00\x00\x00\x01\x00\x00\x00\x00\x00\x00\x00\x00\x00\x00\x00\x00\x00\x00\x00\x00\x00\x00\x00\x00\x00\x00\x00\x00\x00\x00\x00\x00\x00\x00\x00\x00\x00\x00\x00\x00\x00\x00\x00\x01\x00\x00\x00\x00\x00\x00\x00', 2
b'\x00\x00\x00\x00\x00\x00\x00\x00\x00\x00\x00\x00\x00\x00\x00\x00@\xb7\xc2\xfb\x0c\x9c\xff\xff\x00\xfet\xc5\x0c\x9c\xff\xff\x01\x00\x00\x00\x00\x00\x00\x00\x00\x00\x00\x00\x00\x00\x00\x00\x00\x00\x00\x00\x00\x00\x00\x00\x00\x00\x00\x00\x00\x00\x00\x00', 2
b'\x10\xec\x0f\xa4\xff\xff\xff\xff\x00\x00\xe0"\x00\x00\x00\x00\x00\xaa\x11\xc0\x0c\x9c\xff\xff\x00 \x00\x00\x00\x00\x00\x00\xb5\xd5\xa5\x10\x00\x00\x00\x00\x9eR\x9c\x10\x00\x00\x00\x00\x00\x00\x00\x00\x00\x00\x00\x00\x00\x00\x00\x00\x00\x00\x00\x00', 2
b'\x00\x00\x00\x00\x00\x00\x00\x00\x00\x00\x00\x00\x00\x00\x00\x00\x00\x00\x00\x00\x00\x00\x00\x00\x00\x00\x00\x00\x00\x00\x00\x00_\x02\x00\x00\x00\x00\x00\x00\x8c\x00\x00\x00\x00\x00\x00\x00\xd8\x00\x00\x00\x00\x00\x00\x00\x00\x00\x00\x00\x00\x00\x00\x00', 2
b'\x04\x00\x00\x00\x00\x00\x00\x00\x94\x00\x00\x00\x00\x00\x00\x00\x00\x00\x00\x00\x00\x00\x00\x00\x00\x00\x00\x00\x00\x00\x00\x00\x00\x00\x00\x00\x00\x00\x00\x00\x00\x00\x00\x00\x00\x00\x00\x00@\xf2\x13\xa4\xff\xff\xff\xff\x00\x00\x00\x00\x00\x00\x00\x00', 2
b'\x02\x00\x00\x00\x00\x00\x00\x00@\xb0\xc2\xfb\x0c\x9c\xff\xff\x00\x00\x00\x00\x00\x00\x00\x00\x00\x00\x00\x00\x00\x00\x00\x008\xee\x05\xc8\x0c\x9c\xff\xff8\xee\x05\xc8\x0c\x9c\xff\xff\x80z\n\xc7\x0c\x9c\xff\xff$\x00\x00\x00\x00\x00\x00\x00', 7
b'\x00\x00\x00\x00\x00\x00\x00\x00`\xa9\x0c\xc3\x0c\x9c\xff\xff\x00\x00\x00\x00\x00\x00\x00\x00X\x00\x00\x00\xb0\x00\x00\x00\x08\x00\x00\x00\x10\x00\x00\x00\x07\x00\x00\x00\x00\x00\x00\x00\x00\x00\x00\x00\x00\x00\x00\x00`q,\xa5\xff\xff\xff\xff', 7
b'\x00\x00\x00\x00\x00\x00\x00\x00\x00\x00\x00\x00\x00\x00\x00\x00"\x01\x00\x00\x00\x00\xad\xde\x00\x00\x00\x00\x00\x00\x00\x00"\x01\x00\x00\x00\x00\xad\xde\xe8\x89\x84\xe0\x0b\x9c\xff\xff"\x01\x00\x00\x00\x00\xad\xde\xf8\x89\x84\xe0\x0b\x9c\xff\xff', 2
b'\x00\x00\x00\x00\x00\x00\x00\x00\x00\x00\x00\x00\x00\x00\x00\x00\x00\x00\x00\x00\x00\x00\x00\x00\xb8\xfdWC\x17\xc0\xff\xff\x00\x00\x00\x00\x00\x00\x00\x00\x00\x00\x00\x00\x00\x00\x00\x00\x00\x00\x00\x00\x00\x00\x00\x00\x00\x00\x00\x00\x00\x00\x00\x00', 2
b'V\xa1\x84\x00\x00\x00\x00\x00\x00\x00\x00\x00\x01\x00\x00\x00\x01\x00\x00\x00@\x00\x00\x00`I\xf7\x1el-v\xf8\x00\x00\x00\x00\x00\x00\x00\x00)\xa1\xa6\xaf\xe9\xb3g$\xff7T\x84\x00\x00\x00\x00\xda@hHF\x03\x00\x00', 2
b'\x01\x00\x00\x00\x01\x00\x00\x00\x01\x00\x00\x00\x01\x00\x00\x00\x00\x00\x00\x00\xe7\x00\x00\x00\xea\x15\xd6a\x00\x00\x00\x00\x13b\xa0\x0b\x00\x00\x00\x00\x00\x00\x00\x00\x00\x00\x00\x00\xe7\x00\x00\x00\x00\x00\x00\x00<\x00\x00\x00\x00\x00\x00\x00', 2
b'@\xa4\xb4\xec\x0c\x9c\xff\xff@\xa4\xb4\xec\x0c\x9c\xff\xff@\xa4\xb4\xec\x0c\x9c\xff\xff@\xa4\xb4\xec\x0c\x9c\xff\xff@\xa4\xb4\xec\x0c\x9c\xff\xff@\xa4\xb4\xec\x0c\x9c\xff\xff@\xa4\xb4\xec\x0c\x9c\xff\xff@\xa4\xb4\xec\x0c\x9c\xff\xff', 2
b'\x00\x00\x00\x00\x00\x00\x00\x00\x00\x00\x00\x00\x00\x00\x00\x00\x00\x00\x00\x00\x00\x00\x00\x00\x00\x00\x00\x00X\x00\x00\x00\x00\x00\x00\x00\x00\x00\x00\x00\x00p\xbd\xcb\x0c\x9c\xff\xff\x00\x00\x00\x00\x00\x00\x00\x00\x00\x00\x00\x00\x00\x00\x00\x00', 2
b'\x00\x00\x00\x00\x00\x00\x00\x00\x00\x00\x00\x00\x00\x00\x00\x00\x00\x00\x00\x00\x00\x00\x00\x00\x00\x00\x00\x00W\x00\x00\x00\x00\x00\x00\x00\x00\x00\x00\x00\x00p\xbd\xcb\x0c\x9c\xff\xff\x00\x00\x00\x00\x00\x00\x00\x00\x00\x00\x00\x00\x00\x00\x00\x00', 2
b'\xbd\x05\x02\x00E\xa7\x11\x00&\\\x02\x00\xafh\x11\x00\x00\x00\x00\x00\x00\x00\x00\x00\x00\x00\x00\x00\x00\x00\x00\x00\x95,\r\x00_\xec\x15\x00X\x0f\x03\x00L\x87\x04\x00\xd5\xfa\x02\x00\xff/0\x00\x00\x00\x00\x00\x00\x00\x00\x00', 2
b'\x00\x00\x00\x00\x00\x00\x00\x00\x00\x00\x00\x00\x94\x13\x03\x00KU\x02\x00,N\x02\x00\x1e\xf0\x00\x00\x17\x00\x00\x00J\xf4\x1e\x00P\x15\x00\x00\xb6*\x03\x00\xc9d\x01\x00\x00\x00\x00\x00\xed\xc5\x01\x00\x00\x00\x00\x003\xbd\x00\x00', 2
b'U\xcd\x02\x00\x19\xb5\x01\x00\x14\xc2"\x00\x8e\x00\x00\x00|\xaa\x01\x00\x94\xb7\x01\x00{\x06!\x00\x16\x01\x00\x00\xd5T\x00\x00\x84*\x00\x00\x00\x00\x00\x00\x06\x04\x00\x00\x94\x02\x00\x00\x02\x18\x01\x00\x00\x00\x00\x005\x00\x00\x00', 2
b'\x90\xfc\x01\x00\x00\x00\x00\x00\xe5,\x11\x00\xa5P\r\x00D\xde\x08\x00Tu\x02\x00\x8e\x00\x00\x00\xbb\r\x02\x00\x00\x00\x00\x00\x13\x14\x00\x00\xddL\x01\x00\xba\x08\x01\x00\x00\x00\x00\x00\x00\x00\x00\x00\x00\x00\x00\x00\x1c\x1e\x02\x00', 2
b'\x1c\x1e\x02\x00\x1c\x1e\x02\x00\x00\x00\x00\x00\xd5\xab@\x00\x0b\x1f\x00\x00\xcd\x8c@\x00\xe3\n\x00\x00\xfe<\x00\x00\x08\x1f\x00\x00\x00\x00\x00\x00\xa1\x1e\x00\x00\xaa\x12\x00\x00\xd6n\x07\x00^\x96K\x00\x0f\xf1\x00\x00l\xf8\x00\x00', 2
b'\x00\xf0\xff\xff\xff\x7f\x00\x00\x00\x80\x9f\x1d\xff\x7f\x00\x00\x00\x00\xcf\xc2\x0c\x9c\xff\xff\x00\x00\x00\x00\x08\x00\x00\x00\x01\x00\x00\x00\x00\x00\x00\x00\x00\xa0\x04\x00\x00\x00\x00\x00\xd3\x00\x00\x00\x00\x00\x00\x00\x00\x00\x00\x00\x00\x00\x00\x00', 2
b'\x000h\x82\x99U\x00\x00%\xd2u\x82\x99U\x00\x000|y\x82\x99U\x00\x00\x906z\x82\x99U\x00\x00\x00\xd0=\x84\x99U\x00\x00\x00\xe0?\x84\x99U\x00\x00\xe0\x1f\xba\x94\xff\x7f\x00\x00\xde+\xba\x94\xff\x7f\x00\x00', 2
b'7,\xba\x94\xff\x7f\x00\x007,\xba\x94\xff\x7f\x00\x00\xf0/\xba\x94\xff\x7f\x00\x00!\x00\x00\x00\x00\x00\x00\x00\x00\x80\xba\x94\xff\x7f\x00\x003\x00\x00\x00\x00\x00\x00\x000\x0e\x00\x00\x00\x00\x00\x00\x10\x00\x00\x00\x00\x00\x00\x00', 2
b'\xff\xfb\x8b\x0f\x00\x00\x00\x00\x06\x00\x00\x00\x00\x00\x00\x00\x00\x10\x00\x00\x00\x00\x00\x00\x11\x00\x00\x00\x00\x00\x00\x00d\x00\x00\x00\x00\x00\x00\x00\x03\x00\x00\x00\x00\x00\x00\x00@Pe\x82\x99U\x00\x00\x04\x00\x00\x00\x00\x00\x00\x00', 2
b'8\x00\x00\x00\x00\x00\x00\x00\x05\x00\x00\x00\x00\x00\x00\x00\r\x00\x00\x00\x00\x00\x00\x00\x07\x00\x00\x00\x00\x00\x00\x00\x00\x00C\xd6\xf1\x7f\x00\x00\x08\x00\x00\x00\x00\x00\x00\x00\x00\x00\x00\x00\x00\x00\x00\x00\t\x00\x00\x00\x00\x00\x00\x00', 2
b'\xe8\x03\x00\x00\x00\x00\x00\x00\x17\x00\x00\x00\x00\x00\x00\x00\x00\x00\x00\x00\x00\x00\x00\x00\x19\x00\x00\x00\x00\x00\x00\x00y"\xba\x94\xff\x7f\x00\x00\x1a\x00\x00\x00\x00\x00\x00\x00\x02\x00\x00\x00\x00\x00\x00\x00\x1f\x00\x00\x00\x00\x00\x00\x00', 2
b'\xf0/\xba\x94\xff\x7f\x00\x00\x0f\x00\x00\x00\x00\x00\x00\x00\x89"\xba\x94\xff\x7f\x00\x00\x00\x00\x00\x00\x00\x00\x00\x00\x00\x00\x00\x00\x00\x00\x00\x00\x00\x00\x00\x00\x00\x00\x00\x00\x00\x00\x00\x00\x00\x00\x00\x00\x00\x00\x00\x00\x00\x00\x00\x00', 2
b'1_2\x00\x01\x00\x00\x00\x00\x00\x00\x00\x00\x00\x00\x00\x00\x00\x00\x00\x00\x00\x00\x00\x00\x00\x00\x00\x00\x00\x00\x00\x00\x00\x00\x00\x00\x00\x00\x00\x00\x00\x00\x00\x00\x00\x00\x00\x00\x00\x00\x00\x00\x00\x00\x00\x00\x00\x00\x00\x00\x00\x00\x00', 2
b'\xf1\n\x00\x00\x00\x00\x00\x00\x00\x00\x00\x00\x00\x00\x00\x00\x00\x00\x00\x00\x00\x00\x00\x00J\x00\x00\x00\x00\x00\x00\x00_\x02\x00\x00\x00\x00\x00\x00!\x00\x00\x00\x00\x00\x00\x00\x00\x00\x00\x00\x00\x00\x00\x00\x00\x00\x00\x00\x00\x00\x00\x00', 2
b'\x00\x00\x00\x00\x00\x00\x00\x00\x10\x00\x00\x00\x00\x00\x00\x00\x00\x00\x00\x00\x00\x00\x00\x00\x00\x00\x00\x00\x00\x00\x00\x00\x00\xc0TC\x17\xc0\xff\xff\x01\x00\x00\x00\x00\x01@\x00\x00\x00\x00\x00\x01\x00\x00\x00\x00\x00\x00\x00\x00\x00\x00\x00', 2
b'0\x00\x00\x00\x00\x00\x00\x00\x00\x00\x00\x00\x00\x00\x00\x00\x00\x00\x00\x00\x00\x00\x00\x00\x00\x00\x00\x00\x00\x00\x00\x00\x00\x00\x00\x00\x00\x00\x00\x00\x01\x00\x00\x00x\x00\x00\x00x\x00\x00\x00x\x00\x00\x00\x00\x00\x00\x00\x00\x00\x00\x00', 3
b'\x00\x00\x10\x00\x00\x00\x00\x00\x00\x00@\x00\x00\x00\x00\x00\x01\x00\x00\x00\x00\x00\x00\x00\x00\x00\x00\x00\x00\x00\x00\x00\x00\x00\x00\x00\x00\x00\x00\x00(\xc1\xc2\xfb\x0c\x9c\xff\xff(\xc1\xc2\xfb\x0c\x9c\xff\xff\x01\x00\x00\x00\x00\x00\x00\x00', 3
b'\x00\x00\x00\x00\x00\x00\x00\x00\x00\x00\x00\x00\x00\x00\x00\x00\x01\x00\x00\x00\x00\x00\x00\x00\x01\x00\x00\x00\x00\x00\x00\x00\x06\x00\x00\x00\x00\x00\x00\x00\x02\x00\x00\x00\x00\x00\x00\x00b\x03\x00\x00\x00\x00\x00\x00\xba\x00\x00\x00\x00\x00\x00\x00', 2
b'^\x01\x00\x00^\x01\x00\x00\x00\x00\x00\x00\x00\x00\x00\x00\x00\x00\x00\x00\x00\x00\x00\x00\x00\x00\x00\x00\x00\x00\x00\x00\x01\x00\x00\x00F\x00\x00\x00\x00\x00\x00\x00\x00\x00\x00\x00\x00\x00\x00\x00\x00\x00\x00\x00\x00\x00\x00\x00\x00\x00\x00\x00', 3
b'\x90\x12\x00\x00\x00\x00\x00\x00\x01\x00\x00\x00\x00\x00\x00\x00>\x00\x00\xc0\x00\x00\x00\x00\x00\x00\x00\x00\x00\x00\x00\x00\x00\x00\x00\x00\x00\x00\x00\x00\x00\x00\x00\x00\x00\x00\x00\x00\x00\x00\x00\x00\x00\x00\x00\x00\x00\x00\x00\x00\x00\x00\x00\x00', 2
b'x\xf5\x03D\nD\x00\x00\x00\xa2\xb4\xec\x0c\x9c\xff\xff\x00`\n\xc8\x0c\x9c\xff\xff\x00\x00\x00\x00\x00\x00\x00\x00`\xa4\xb4\xec\x0c\x9c\xff\xff`\xa4\xb4\xec\x0c\x9c\xff\xff\x00\x00\x00\x00\x00\x00\x00\x00\x00\x00\x00\x00\x00\x00\x00\x00', 2
b'\xb0\x15\x03D\nD\x00\x00\x00\tB\xf0\x0c\x9c\xff\xff\x00p\x89\xc6\x0c\x9c\xff\xff\xa0\x06\x00\x00\x00\x00\x00\x00\xe0\x02B\xf0\x0c\x9c\xff\xff\xe0\x02B\xf0\x0c\x9c\xff\xff\x00\x00\x00\x00\x00\x00\x00\x00\x00\x00\x00\x00\x00\x00\x00\x00', 2
b'\x00\x00\x00\x00\x00\x00\x00\x00\x00\x00\x00\x00\x00\x00\x00\x00\x00\x00\x00\x00\x00\x00\x00\x00\x00\x00\x00\x00\x00\x00\x00\x00\x00\x00\x00\x00\x00\x00\x00\x005\x13\x00\x00\x00\x00\x00\x00\xc1\x14\x00\x00\x00\x00\x00\x008\x9b\x02\x00\x00\x00\x00\x00', 2
b'\x00\x00\x00\x00\x00\x00\x00\x00\x00\x00\x00\x00\x00\x00\x00\x00\x00\x00\x00\x00\x00\x00\x00\x00\x00\x00\x00\x00\x00\x00\x00\x00\x00\x00\x00\x00\x00\x00\x00\x00\x00E{\x07\xcd\xc2\xe1B\x00\x00\x00\x00\x00\x00\x00\x00\x00\x00\x00\x00\x00\x00\x00\x00', 2
b'\x00\x00\x00\x00\x00\x00\x00\x00\x00\x00\x00\x00\x00\x00\x00\x00\x00\x00\x00\x00\x00\x00\x00\x00\x00\x00\x00\x00\x00\x00\x00\x00@$/\xcd\x0c\x9c\xff\xff\x00\x00\x00\x00\x00\x00\x00\x00\x00\x00\x00\x00\x00\x00\x00\x00\x00\x00\x00\x00\x00\x00\x00\x00', 2
b'\x00\x00\x00\x80\x00\x00\x00\x00\xf8?\x00@\x17\xc0\xff\xff\x00\x00UC\x17\xc0\xff\xff\x00\x00\x00\x00\x00\x00\x00\x00\x00\x00\x00\x00\x00\x00\x00\x00\x00\x00\x00\x00\x00\x00\x00\x00\x00\x00\x00\x00\x00\x00\x00\x00\x00\x00\x00\x00\x00\x00\x00\x00', 2
b'\x00\x00/\xcd\x0c\x9c\xff\xff\x00\x00\x00\x00\x00\x00\x00\x00\x00\x00\x00\x00\x00\x00\x00\x00\x00\x00\x00\x00\x00\x00\x00\x00\x00\x00\x00\x00\x00\x00\x00\x00\x00\x00\x00\x00\x00\x00\x00\x00\x00\x00\x00\x00\x00\x00\x00\x00\x00\x00\x00\x00\x00\x00\x00\x00', 2
b'\x00\x00\x00\x00\x00\x00\x00\x00\x00\x00\x00\x00\x00\x00\x00\x00\xe0\xdc\x81\xa6\xff\xff\xff\xff\x00\x00\x00\x00\x00\x00\x00\x00\x00\x00\x00\x00\x00\x00\x00\x00\x00\x00\x00\x00\x00\x00\x00\x00\x00\x00\x00\x00\x00\x00\x00\x00\x00\x00\x00\x00\x00\x00\x00\x00', 2
b'\x00\x00\x00\x00\x00\x00\x00\x00\x00\x00\x00\x00\x00\x00\x00\x00\xd8 \x91\xc7\x0c\x9c\xff\xff\x00\x00\x00\x00\x00\x00\x00\x00\x00\x00\x00\x00\x00\x00\x00\x00\x00\x00\x00\x00\x00\x00\x00\x00\x00\x00\x00\x00\x00\x00\x00\x00\x00\x00\x00\x00\x00\x00\x00\x00', 4
b'\x00\x00\x00\x00\x00\x00\x00\x00\x00\x00\x00\x00\x00\x00\x00\x00\x00\xd6\xe3\xc5\x0c\x9c\xff\xff\x00\x00\x00\x00\x00\x00\x00\x00\x00\x00\x00\x00\x00\x00\x00\x00\x00\x00\x00\x00\x00\x00\x00\x00\x00\x00\x00\x00\x00\x00\x00\x00\x00\x00\x00\x00\x00\x00\x00\x00', 2
b'\x00\xc0\xc2\xfb\x0c\x9c\xff\xff@\xfft\xc5\x0c\x9c\xff\xff\xc0\xebz\xa6\xff\xff\xff\xff\x00\x00\x00\x00\x00\x00\x00\x00\x00\x00\x00\x00\x00\x00\x00\x00\x00\x00\x00\x00\x00\x00\x00\x00\x00\x00\x00\x00\x00\x00\x00\x00\x00\x00\x00\x00\x00\x00\x00\x00', 3
b'@\xf5\x9d\xcf\x0c\x9c\xff\xff\x80\xb8\xc2\xfb\x0c\x9c\xff\xff\x00\xc0\xc2\xfb\x0c\x9c\xff\xff\x00\x00\x00\x00\x00\x00\x00\x00\x00\x00/\xcd\x0c\x9c\xff\xff@\xa9\xc1\xa5\xff\xff\xff\xff\x00@2\xc0\x0c\x9c\xff\xff l\xfb\xff\x00\x00\x00\x00', 2
b'\xe9\x03\x00\x00\x00\x00\x00\x00\x00\x04\x00\x00\x00\x00\x00\x00\x00\x00\x00\x00\x00\x00\x00\x00\x00\x00\x00\x00\x00\x00\x00\x00\x00\x00\x00\x00\x00\x00\x00\x00\x00\x00\x00\x00\x00\x00\x00\x00\x00\x00\x00\x00\x00\x00\x00\x00\x00\x00\x00\x00\x00\x00\x00\x00', 2
b'\x00\x00\x00\x00\x00\x00\x00\x00\x00\x00\x00\x00\x00\x00\x00\x00\x00\x00\x00\x00\x00\x00\x00\x00\x00\x00\x00\x00\x00\x00\x00\x00\x00\x00\x00\x00\x01\x00\x00\x00\xe8\x00/\xcd\x0c\x9c\xff\xff\xe8\x00/\xcd\x0c\x9c\xff\xff\x00\x00\x00\x00\x00\x00\x00\x00', 2
b'\x00\x00\x00\xc0\xff\xff\x0f\x00\x00\x00\x00\x00\x00\x00\x00\x00"\x01\x00\x00\x00\x00\xad\xde\x00\x00\x00\x00\x00\x00\x00\x00\x00\x00\x00\x00\x00\x00\x00\x00\x00\x00\x00\x00\x00\x00\x00\x00\xff\xff\xff\xff\x01\x00\x00\x00\x00\x00\x00\x00\x00\x00\x00\x00', 8
b'\x00\x00\x00\xc0\xff\xff\x0f\x00\x00\x00\x00\x00\x00\x00\x00\x00\x00\x00\x00\x00\x00\x00\x00\x00\x00\x00\x00\x00\x00\x00\x00\x00\x00\x00\x00\x00\x00\x00\x00\x00\x00\x00\x00\x00\x00\x00\x00\x00\xff\xff\xff\xff\x01\x00\x00\x00B\xa4\xb4\xec\x0c\x9c\xff\xff', 10
b'\x00\x00\x00\x00\x00\x00\x00\x00\x01\x00\x00\x00\x01\x00\x00\x00\x85\x1e\x06\x00\x00\x00\x00\x00\x00\x00\x00\x00\x00\x00\x00\x00\x00\x00\x00\x00\x00\x00\x00\x00\xff\xff\xff\xff\xff\xff\x07\x00\xff\xff\xff\xff\xff\xff\x07\x00\x00\x00\x00\x00\x00\x00\x00\x00', 2
b'\x00\x00\x00\x00\x00\x00\x00\x00\x00\x00\x00\x00\x00\x00\x00\x00\x00\x00\x00\x00\x00\x00\x00\x00\x00\x00\x00\x00\x00\x00\x00\x00\x00\x00\x00\x00\x00\x00\x00\x00\xfb4\x00\x00\x00\x00\x00\x00\xc96\x00\x00\x00\x00\x00\x00I\x88\x04\x00\x00\x00\x00\x00', 2
b'\x00\x00\x00\x00\x00\x00\x00\x00\x00\xc0\xc2\xfb\x0c\x9c\xff\xff@\xb7\xc2\xfb\x0c\x9c\xff\xff\xc0\xbe\xc2\xfb\x0c\x9c\xff\xffJ\x13\x12\xa4\xff\xff\xff\xff\x01\x00\x00\x00\x00\x00\x00\x00\x00\x00\x00\x00\x00\x00\x00\x00\xc0\xb6\xc2\xfb\x0c\x9c\xff\xff', 3
b'\x00p\x12\xc0\x0c\x9c\xff\xff\x0b\x00\x00\x00\x01\x00\x00\x00g"\x05\x00\x00\x00\x00\x00\x00\x00\x00\x00\x00\x00\x00\x00\x00\x00\x00\x00\x00\x00\x00\x00\xff\xff\xff\xff\xff\xff\x07\x00\xff\xff\xff\xff\xff\xff\x07\x00\x00\x00\x00\x00\x00\x00\x00\x00', 2
b'\x01\x00\x00\x00\x00\x00\x00\x00\x00\x00\x00\x00\x00\x00\x00\x00\x00\xfet\xc5\x0c\x9c\xff\xff\x00\xd6\xe3\xc5\x0c\x9c\xff\xff\x8a\x02\x12\xa4\xff\xff\xff\xff\x00\x00\x00\x00\x00\x00\x00\x00\x80\xb8\xc2\xfb\x0c\x9c\xff\xff\x00\x00\x00\x00\x00\x00\x00\x00', 2
b'\xc0\x003\xc5\x0c\x9c\xff\xff\x00\xfc!B\x17\xc0\xff\xff\x00\x00\x00\x00\x00\x00\x00\x00\nH\x12\xa4\xff\xff\xff\xff(\xc1\xc2\xfb\x0c\x9c\xff\xff\xe8\x003\xc5\x0c\x9c\xff\xff\x00L\xe1\xc6\x0c\x9c\xff\xff@\xb7\xc2\xfb\x0c\x9c\xff\xff', 2
b'\x00\x003\xc5\x0c\x9c\xff\xff\xb0\xfe!B\x17\xc0\xff\xff\x86\x18\xc3\xa4\xff\xff\xff\xff\x00\x00\x00\x00\x00\x00\x00\x00\xb0\n3\xc5\x0c\x9c\xff\xff\x08\x8az\xa4\x00\x00\x00\x00\x086\xa5\xcf\x0c\x9c\xff\xff\x00\xf4\xcb\xec\x0c\x9c\xff\xff', 2
b'\x00 >\xc2\x0c\x9c\xff\xff(\x00\x00\x00\x01\x00\x00\x00f"\x05\x00\x00\x00\x00\x00\x00\x00\x00\x00\x00\x00\x00\x00\x00\x00\x00\x00\x00\x00\x00\x00\xff\xff\xff\xff\xff\xff\x07\x00\xff\xff\xff\xff\xff\xff\x07\x00\x00\x00\x00\x00\x00\x00\x00\x00', 2
b'\x000&\xc5\x0c\x9c\xff\xff*\x00\x00\x00\x01\x00\x00\x00v\xc8\x04\x00\x00\x00\x00\x00\x00\x00\x00\x00\x00\x00\x00\x00\x00\x00\x00\x00\x00\x00\x00\x00\xff\xff\xff\xff\xff\xff\x07\x00\xff\xff\xff\xff\xff\xff\x07\x00\x00\x00\x00\x00\x00\x00\x00\x00', 2
b'<\x00\x00\x00\x00\x00\x00\x00\x1f\x00\x00\x00\x00\x00\x00\x00\x00\x00\x00\x00\x00\x00\x00\x00\xb0\x00\x00\x00\x00\x00\x00\x00\x00\x00\x00\x00\x00\x00\x00\x00X\xc3z\xa6\xff\xff\xff\xff\xe8\x03\x00\x00\x00\x00\x00\x00\x00\x00\x00\x00\x00\x00\x00\x00', 2
b'\x08\x00\x00\x00\x02\x00\x00\x00\xe8\x03\x00\x00\xaa\x86\x01\x00x86_64\x00o\x1d\xd4\x89B\xac\xe4\x9d\x15stree/bo\x8d\xd2\x89B\xac\xe4\x9d%ora-core\xfd\xde\x89B\xac\xe4\x9d5', 2
b'\x00\x00\x10\x00\x00\x00\x00\x00\x00\x00@\x00\x00\x00\x00\x00\x01\x00\x00\x00\x00\x00\x00\x00\x10\xd6\xe3\xc5\x0c\x9c\xff\xff\x00\x00\x00\x00\x00\x00\x00\x00\xe8\x003\xc5\x0c\x9c\xff\xff\xe8\x003\xc5\x0c\x9c\xff\xff\x00\x00\x00\x00\x00\x00\x00\x00', 2
b'\x00\x00\x00\x00\x00\x00\x00\x00\x00\x00\x00\x00\x00\x00\x00\x00@\xb7\xc2\xfb\x0c\x9c\xff\xff\x00\xfet\xc5\x0c\x9c\xff\xff\x00\x00\x00\x00\x00\x00\x00\x00\x00\x00\x00\x00\x00\x00\x00\x00\x00\x00\x00\x00\x00\x00\x00\x00\x00\x00\x00\x00\x00\x00\x00\x00', 2
b'\x00\xe0&\xc5\x0c\x9c\xff\xff-\x00\x00\x00\x01\x00\x00\x00\x1b\xc2\x04\x00\x00\x00\x00\x00\x00\x00\x00\x00\x00\x00\x00\x00\x00\x00\x00\x00\x00\x00\x00\x00\xff\xff\xff\xff\xff\xff\x07\x00\xff\xff\xff\xff\xff\xff\x07\x00\x00\x00\x00\x00\x00\x00\x00\x00', 2
b'\x00\x00\x00\x00\x00\x00\x00\x00\xa0U"\xa5\xff\xff\xff\xffj\x01\x00\xf0\x15\x00\x00\x00\x01\x00\x00\x00\x00\x00\x00\x00\x01\x00\x00\x00\x00\x00\x00\x00\xb8\t-\xcd\x0c\x9c\xff\xff\xb8\n-\xcd\x0c\x9c\xff\xff\x00\x05-\xcd\x0c\x9c\xff\xff', 2
b'\x1e\x00\x00\x00\xa9\xf3\x0b\x1e\x08\xce\x0b\xc2\x0c\x9c\xff\xff\x00\x00\x00\x00\x00\x00\x00\x00\x00\x00\x00\x00\x00\x00\x00\x00\x00\x00\x00\x00\x00\x00\x00\x00\x00\x00\x00\x00\x00\x00\x00\x00\x00\x00\x00\x00\x00\x00\x00\x00\x00\x00\x00\x00\x00\x00\x00\x00', 2
b'\\\xa2\x84\x00\x00\x00\x00\x00\x00\x00\x00\x00\x00\x00\x00\x00\x00\x00\x00\x00\x00\x00\x00\x00`I\xf7\x1el-v\xf8\x00\x00\x00\x00\x00\x00\x00\x00\x9fn\xc4\xaf\xe1wj$\x87c\xd3\x84\x00\x00\x00\x00\x91b\xd0RF\x03\x00\x00', 2
b'\x00`\xb8\xcb\x0c\x9c\xff\xff\x00\x00\x00\x00\x00\x00\x00\x00\xa4\xae\x02\x00\x00\x00\x00\x00\x01\x00\x00\x00\x00\x00\x00\x00\x1a\xa6q\r\x00\x00\x00\x00nE\xd4\x0c\x00\x00\x00\x00qs\xf1\x1e\x00\x00\x00\x00\x1a\xa6q\r\x00\x00\x00\x00', 2
b'\x00\x00\x00\x00\x00\x00\x00\x00\x90\xd9z\xa6\xff\xff\xff\xff\x101|\xc7\x0c\x9c\xff\xff\xe8\x03\x00\x00\x08\x00\x00\x00\x00\x00\x00\x00\x00\x00\x00\x00\x00\x00\x00\x00\x00\x00\x00\x00\x00\x00\x00\x00\x00\x00\x00\x00\x00\x00\x00\x00\x00\x00\x00\x00', 2
b'\xbd\x05\x02\x00E\xa7\x11\x00&\\\x02\x00\xafh\x11\x00\x00\x00\x00\x00\x00\x00\x00\x00\x00\x00\x00\x00\x00\x00\x00\x00\x99,\r\x00`\xec\x15\x00Y\x0f\x03\x00L\x87\x04\x00\xd5\xfa\x02\x00\x0500\x00\x00\x00\x00\x00\x00\x00\x00\x00', 2
b'\x00\x00\x00\x00\x00\x00\x00\x00\x00\x00\x00\x00\x94\x13\x03\x00LU\x02\x00,N\x02\x00\x1e\xf0\x00\x00\x17\x00\x00\x00Q\xf4\x1e\x00P\x15\x00\x00\xb7*\x03\x00\xc9d\x01\x00\x00\x00\x00\x00\xee\xc5\x01\x00\x00\x00\x00\x003\xbd\x00\x00', 2
b'V\xcd\x02\x00\x19\xb5\x01\x00\x14\xc2"\x00\x8e\x00\x00\x00|\xaa\x01\x00\x94\xb7\x01\x00\x82\x06!\x00\x16\x01\x00\x00\xd5T\x00\x00\x84*\x00\x00\x00\x00\x00\x00\x06\x04\x00\x00\x94\x02\x00\x00\x02\x18\x01\x00\x00\x00\x00\x005\x00\x00\x00', 2
b'\x90\xfc\x01\x00\x00\x00\x00\x00\xe6,\x11\x00\xa8P\r\x00E\xde\x08\x00Uu\x02\x00\x8e\x00\x00\x00\xbb\r\x02\x00\x00\x00\x00\x00\x13\x14\x00\x00\xddL\x01\x00\xbb\x08\x01\x00\x00\x00\x00\x00\x00\x00\x00\x00\x00\x00\x00\x00\x1c\x1e\x02\x00', 2
b'\x1c\x1e\x02\x00\x1c\x1e\x02\x00\x00\x00\x00\x00\xdc\xab@\x00\x0b\x1f\x00\x00\xd4\x8c@\x00\xe3\n\x00\x00\xfe<\x00\x00\x08\x1f\x00\x00\x00\x00\x00\x00\xa1\x1e\x00\x00\xaa\x12\x00\x00\xd6n\x07\x00^\x96K\x00\x0f\xf1\x00\x00l\xf8\x00\x00', 2
b'\xad\x00\x00\x00\xac\x00\x00\x00c\x00\x00\x00\xad\x00\x00\x00\x03\x00\x00\x00\x02\x00\x00\x00\x03\x00\x00\x00\x02\x00\x00\x00\xc4\t\x01\x00DG\x04\x00(\x91\x1b\x00\xcf\x02\x00\x00\xae\x02\x00\x00\x01\x00\x00\x00\x01\x00\x00\x00!\x00\x00\x00', 2
b'\x00\x00\x00\x00 \x00\x00\x00\x00\x00\x00\x00\x01\x00\x00\x00\x01\x00\x00\x00\x02\x00\x00\x00\x02\x00\x00\x00\xfc\xf3\x00\x00\x1c\xcc\x04\x00\x94T\n\x00N\x06\x00\x00X\x06\x00\x00\x00\x00\x00\x00\x00\x00\x00\x00\x00\x00\x00\x00\x00\x00\x00\x00', 2
b'\x00\xf0\xff\xff\xff\x7f\x00\x00\x00\x80\x9f\x1d\xff\x7f\x00\x00\x00\x00\xcf\xc2\x0c\x9c\xff\xff\x00\x00\x00\x00\x08\x00\x00\x00\x02\x00\x00\x00\x00\x00\x00\x00\x00\xa0\x04\x00\x00\x00\x00\x00\xd3\x00\x00\x00\x00\x00\x00\x00\x00\x00\x00\x00\x00\x00\x00\x00', 2
b'\x00\x00\x00\x00\x00\x00\x00\x00\x10\x00\x00\x00\x00\x00\x00\x00\x00\x00\x00\x00\x00\x00\x00\x00\x01\x00\x00\x00\x00\x00\x00\x00\x00\xc0TC\x17\xc0\xff\xff\x01\x00\x00\x00\x00\x01@@\x00\x00\x00\x00\x00\x00\x00\x00\x00\x00\x00\x00\x00\x00\x00\x00', 2
b'0\x00\x00\x00\x00\x00\x00\x00\x00\x00\x00\x00\x00\x00\x00\x00\x00\x00\x00\x00\x00\x00\x00\x00\x00\x00\x00\x00\x00\x00\x00\x00\x00\x00\x00\x00\x00\x00\x00\x00\x00\x00\x00\x00x\x00\x00\x00x\x00\x00\x00x\x00\x00\x00\x00\x00\x00\x00\x00\x00\x00\x00', 3
b'\x00\x00\x10\x00\x00\x00\x00\x00\x00\x00@\x00\x00\x00\x00\x00\x01\x00\x00\x00\x00\x00\x00\x00\x00\x00\x00\x00\x00\x00\x00\x00\x00\x00\x00\x00\x00\x00\x00\x00\xe8\x00/\xcd\x0c\x9c\xff\xff\xe8\x00/\xcd\x0c\x9c\xff\xff\x00\x00\x00\x00\x00\x00\x00\x00', 2
b'^\x01\x00\x00^\x01\x00\x00\x00\x00\x00\x00\x00\x00\x00\x00\xaf\xdf\x86\x08!N\x8c\xbd\x00\x00\x00\x00\x00\x00\x00\x00\xa0K\xc1\xcd\x0c\x9c\xff\xff\xa0K\xc1\xcd\x0c\x9c\xff\xff\x00@\x00\x00\xff\xff\xff\xff\x00\x00\x00\x00\x00\x00\x00\x00', 2
b'R\x13\x00\x00\x00\x00\x00\x00\x05\x00\x00\x00\x00\x00\x00\x00m\x8d\x01\x00\x00\x00\x00\x00\xd0\r\x01\x00\x00\x00\x00\x00\x00\x00\x00\x00\x00\x00\x00\x00@\x8e\x82\x01\x00\x00\x00\x00\xe8t\x08\x00\x00\x00\x00\x00\x00\x00\x00\x00\x00\x00\x00\x00', 3
b'\x00\x00\x00\x00\x00\x00\x00\x00a\x13\x00\x00\x00\x00\x00\x00\xbe\x14\x00\x00\x00\x00\x00\x00=\x9b\x02\x00\x00\x00\x00\x00\x01\x00\x00\x00\x00\x00\x00\x00\x00\x00\x00\x00\x00\x00\x00\x00\x00\x00\x00\x00\x00\x00\x00\x00\x00\x00\x00\x00\x00\x00\x00\x00', 3
b'\x00\x00\x00\x00\x00\x00\x00\x00\x00\x00\x00\x00\x00\x00\x00\x00\xa9\x88\x0b\x00\x00\x00\x00\x00\x0b\xda\x08\x00\x00\x00\x00\x00\x00\x00\x00\x00\x00\x00\x00\x00\x00\x00\x00\x00\x00\x00\x00\x00\x00\x00\x00\x00\x00\x00\x00\x00\x00\x00\x00\x00\x00\x00\x00\x00', 2
b'\x00\x00\x00\x00\x00\x00\x00\x00\x00\x00\x00\x00\x00\x00\x00\x00\x00\x00\x00\x00\x00\x00\x00\x00\x18t\x01\x00\x00\x00\x00\x00\x00\x00\x00\x00\x00\x00\x00\x00\x00\x00\x00\x00\x00\x00\x00\x00\n\x13\x0b\x00\x00\x00\x00\x00P\x02\x00\x00\x00\x00\x00\x00', 3
b'\x02\x00\x00\x00\x00\x00\x00\x00\x00\x00\x00\x00\x00\x00\x00\x00\x01\x00\x00\x00\x00\x00\x00\x00\x00\x00\x00\x00\x00\x00\x00\x00\x00\x00\x00\x00\x00\x00\x00\x00\x00\x00\x00\x00\x00\x00\x00\x00\x00\x00\x00\x00\x00\x00\x00\x00\x00\x00\x00\x00\x00\x00\x00\x00', 3
b'\xf0\xee\xa1\xaf\xfd\x7f\x00\x00\x00\x00\x00\x00\x00\x00\x00\x00\x00\x00\x00\x00\x00\x00\x00\x00\x00\x00\x00\x00\x00\x00\x00\x00\x00\x00\x00\x00\x00\x00\x00\x00\x00\x00\x00\x00\x00\x00\x00\x00\x00\x00\x00\x00\x00\x00\x00\x00\x00\x00\x00\x00\x00\x00\x00\x00', 2
b'\xb0\x15\x03D\nD\x00\x00\x00\tB\xf0\x0c\x9c\xff\xff\x00p\x89\xc6\x0c\x9c\xff\xff\x00\x00\x00\x00\x00\x00\x00\x00\xe0\x02B\xf0\x0c\x9c\xff\xff\xe0\x02B\xf0\x0c\x9c\xff\xff\x00\x00\x00\x00\x00\x00\x00\x00\x00\x00\x00\x00\x00\x00\x00\x00', 2
b'\x00\x00\x00\x00\x00\x00\x00\x00\x00\x00\x00\x00\x00\x00\x00\x00\x00\x00\x00\x00\x00\x00\x00\x00\x00\x00\x00\x00\x00\x00\x00\x00\x00\x00\x00\x00\x00\x00\x00\x00V\x13\x00\x00\x00\x00\x00\x00\xc1\x14\x00\x00\x00\x00\x00\x008\x9b\x02\x00\x00\x00\x00\x00', 2
b'\x01\x00\x00\x00\x00\x00\x00\x00\x00\x00\x00\x00\x00\x00\x00\x00\x00\x00\x00\x00\x00\x00\x00\x00\x00\x00\x00\x00\x00\x00\x00\x00\x00\x00\x00\x00\x00\x00\x00\x00\x00\x00\x00\x00\x00\x00\x00\x00\x00\x00\x00\x00\x00\x00\x00\x00\x00\x00\x00\x00\x00\x00\x00\x00', 5
b'\x00\x00\x00\x00\x00\x00\x00\x00\x00\x00\x00\x00\x00\x00\x00\x00\x00\x00\x00\x00\x00\x00\x00\x00\x00\x00\x00\x00\x00\x00\x00\x00\x00\x00\x00\x00\x00\x00\x00\x00\x00\xe6\x83\x9bTti\xe9\x00\x00\x00\x00\x00\x00\x00\x00\x00\x00\x00\x00\x00\x00\x00\x00', 3
b'\x00\x00\x00\x00\x00\x00\x00\x00\x00\x00\x00\x00\x00\x00\x00\x00\xc0\xc0\xa1\xe0\x0b\x9c\xff\xff\x8a\x02\x12\xa4\xff\xff\xff\xff\xc0\xc0\xa1\xe0\x0b\x9c\xff\xff@\xb7\xc2\xfb\x0c\x9c\xff\xff\t\x00\x00\x00\x00\x00\x00\x00\x00\x00\x00\x00\x00\x00\x00\x00', 2
b'\x01\x00\x00\x00\x00\x00\x00\x00\x00\x00\x00\x00\x00\x00\x00\x00\x00\x00\x00\x00\x00\x00\x00\x00\x00\x00\x00\x00\x00\x00\x00\x00\\g\x0e\xa4\xff\xff\xff\xff\x00\x00\x00\x00\x00\x00\x00\x00\xb2{\xc2\xa4\xff\xff\xff\xff\xf0=\xc0\xa5\xff\xff\xff\xff', 2
b'\x00\x00\x00\x00\x000\x00\x00\x00\xfe\xff\xff\x00\x00\x00\x00\x00\x00\x00\x00\x98\xacV\xd2I\x7f\x00\x00\x00\x00\x00\x00\x00\x00\x00\x00\x00\xa0\x00\x00\x00\xfe\xff\xff\x00\xc0\x00\x00\x00\xfe\xff\xff\x00\xe0\x00\x00\x00\xfe\xff\xff\x00\x00\x01\x00', 2
b'\x00\x00\x00\x00\x00\x00\x00\x00\x00\x00\x00\x00\x00\x00\x00\x00\x00\x00\x00\x00\x00\x00\x00\x00\x00\x00\x00\x00\x00\x00\x00\x00@$\x88\xc8\x0c\x9c\xff\xff\x00\x00\x00\x00\x00\x00\x00\x00\x00\x00\x00\x00\x00\x00\x00\x00\x00\x00\x00\x00\x00\x00\x00\x00', 2
b'\x00\x00\x00\x80\x00\x00\x00\x00\xf8?\x00@\x17\xc0\xff\xff\x00@\xc0\xa5\xff\xff\xff\xff\x00\x00\x00\x00\x00\x00\x00\x00\x00\x00\x00\x00\x00\x00\x00\x00\x00\x00\x00\x00\x00\x00\x00\x00\x00\x00\x00\x00\x00\x00\x00\x00\x00\x00\x00\x00\x00\x00\x00\x00', 3
b'@\xa9\xc1\xa5\xff\xff\xff\xff\x00\x00\x00\x00\x00\x00\x00\x00\x00\x00\x00\x00\x00\x00\x00\x00\x00\x00\x00\x00\x00\x00\x00\x00\x00\x00\x00\x00\x00\x00\x00\x00\x00\x00\x00\x00\x00\x00\x00\x00\x00\x00\x00\x00\x00\x00\x00\x00\x00\x00\x00\x00\x00\x00\x00\x00', 3
b'\x00\x00\x00\x00\x00\x00\x00\x00\x00\x00\x00\x00\x00\x00\x00\x00\x00\x00\x00\x00\x00\x00\x00\x00\x00\x00\x00\x00\x00\x00\x00\x00\xd8 \x91\xc7\x0c\x9c\xff\xff\x00\x00\x00\x00\x00\x00\x00\x00\x00\x00\x00\x00\x00\x00\x00\x00\x00\x00\x00\x00\x00\x00\x00\x00', 2
b'\xb8\xd2\x1e\xc3\x0c\x9c\xff\xff(\x14\x89\xc6\x0c\x9c\xff\xff\x00\x00\x00\x00\x00\x00\x00\x00\x00\x00\x00\x00\x00\x00\x00\x00\x00\x00\x00\x00\x00\x00\x00\x00(dt\xc9\x0c\x9c\xff\xff\x00\x00\x00\x00\x00\x00\x00\x00\x00\x00\x00\x00\x00\x00\x00\x00', 2
b'@\xf5\x9d\xcf\x0c\x9c\xff\xff\x80\xb8\xc2\xfb\x0c\x9c\xff\xff\x00\xc0\xc2\xfb\x0c\x9c\xff\xff\x00\x00\x00\x00\x00\x00\x00\x00@\xa9\xc1\xa5\xff\xff\xff\xff@\xa9\xc1\xa5\xff\xff\xff\xff\x00@2\xc0\x0c\x9c\xff\xff l\xfb\xff\x00\x00\x00\x00', 3
b'\x00\x00\x00\x00\x00\x00\x00\x00\x00\x00\x00\x00\x00\x00\x00\x00\x00\x00\x00\x00\x00\x00\x00\x00\x00\x00\x00\x00\x00\x00\x00\x00\x00\x00\x00\x00\x01\x00\x00\x00(\xc1\xc2\xfb\x0c\x9c\xff\xff(\xc1\xc2\xfb\x0c\x9c\xff\xff\x00\x00\x00\x00\x00\x00\x00\x00', 3
b'\x00Ph\xc8D\x03\x00\x00\x00\x00\x00\x00\x00\x00\x00\x00\x00\x00\x00\x00\x00\x00\x00\x00\x00\x00\x00\x00\x14\x02\x00\x00\x00\x00\x00\x00\x00\x00\x00\x00\x00\x00\x00\x00\x00\x00\x00\x00\x00\x00\x00\x00\x00\x00\x00\x00\x00\x00\x00\x00\x00\x00\x00\x00', 2
b'\xb8\x15\xc3\xfb\x0c\x9c\xff\xff\xc8\x15\xc3\xfb\x0c\x9c\xff\xff\xc8\x15\xc3\xfb\x0c\x9c\xff\xff\xd8\x15\xc3\xfb\x0c\x9c\xff\xff\xd8\x15\xc3\xfb\x0c\x9c\xff\xff\xe8\x15\xc3\xfb\x0c\x9c\xff\xff\xe8\x15\xc3\xfb\x0c\x9c\xff\xff\x00\x00\x00\x00\x00\x00\x00\x00', 2
b'8\x18\xc3\xfb\x0c\x9c\xff\xffH\x18\xc3\xfb\x0c\x9c\xff\xffH\x18\xc3\xfb\x0c\x9c\xff\xffX\x18\xc3\xfb\x0c\x9c\xff\xffX\x18\xc3\xfb\x0c\x9c\xff\xffh\x18\xc3\xfb\x0c\x9c\xff\xffh\x18\xc3\xfb\x0c\x9c\xff\xff\x0c\x00\x00\x00\x00\x00\x00\x00', 2
b'\x00\x00\x00\x00\x00\x00\x00\x00\x00\x00\x00\x00\x00\x00\x00\x00\x00\x00\x00\x00\x00\x00\x00\x00\x00\x00\x00\x00\x00\x00\x00\x008\xd7\x1c\xc0\x0c\x9c\xff\xff\x04\x00\x00\x00\x00\x00\x00\x00@s\x00\x84\xa1\xf7\xff\xff\x00\x00\x00\x00\x00\x00\x00\x00', 2
b'\x01\x00\x00\x00\x00\x00\x00\x00\xc0\xb6\xc2\xfb\x0c\x9c\xff\xff\xc0\xb6\xc2\xfb\x0c\x9c\xff\xff\r\xdb\x06\xa4\xff\xff\xff\xff\x89\xa2\x11\xa4\xff\xff\xff\xff\x01\x00\x00\x00\x00\x00\x00\x00\x80\xb8\xc2\xfb\x0c\x9c\xff\xff\x00\x00\x00\x00\x00\x00\x00\x00', 4
b'\x00\xc4\x05\x00\xc0\x00\x00\x00\x06\x02\x00\x00\x00\x00\x00\x00\xd0\xacV\xd2I\x7f\x00\x00\x00\x00\x00\x00\x00\x00\x00\x00\x00\x00\x00\x00\x00\x00\x00\x00\xda\xff\xff\xff\xff\xff\xff\xff\x83Y\x84\xda}U\x00\x00\x00\x00\x00\x00\x00\x00\x00\x00', 3
b'\x80\x00\x00\x00\x00\x00\x00\x00Xj\xeb\xdc}U\x00\x00\xca\x00\x00\x00\x00\x00\x00\x00\x83Y\x84\xda}U\x00\x003\x00\x00\x00\x00\x00\x00\x00\x06\x02\x00\x00\x00\x00\x00\x00\x98\xacV\xd2I\x7f\x00\x00+\x00\x00\x00\x00\x00\x00\x00', 3
b'\x9a\xa2\x84\x00\x00\x00\x00\x00\x00\x00\x00\x00\x00\x00\x00\x00\x00\x00\x00\x00\x00\x00\x00\x00`I\xf7\x1el-v\xf8\x00\x00\x00\x00\x00\x00\x00\x003\x1a\xc5\xaf\xc5\x0ek$\x06\x08\xd6\x84\x00\x00\x00\x00\x8ed\xc0^F\x03\x00\x00', 2
b'\x00\x00\x00\x00\x00\x00\x00\x00\x00\x00\x00\x00\x00\x00\x00\x00\x00\x00\x00\x00\x00\x00\x00\x00X,\x98\xc5\x0c\x9c\xff\xff \x15\xc6\xa5\xff\xff\xff\xff\xc0\xebz\xa6\xff\xff\xff\xffp,\x98\xc5\x0c\x9c\xff\xff\x00\xedz\xa6\xff\xff\xff\xff', 2
b'\xc0\xc0\xa1\xe0\x0b\x9c\xff\xff@\xb7\xc2\xfb\x0c\x9c\xff\xff\t\x00\x00\x00\x00\x00\x00\x00\x00\x00\x00\x00\x00\x00\x00\x00\x00>\x00@\x17\xc0\xff\xff\x00\x00\x00\x00\x00\x00\x00\x00\nH\x12\xa4\xff\xff\xff\xff(\xc1\xc2\xfb\x0c\x9c\xff\xff', 4
b'\x00\x00\x00\x00\x00\x00\x00\x00\x00\x00\x00\x00\x00\x00\x00\x00\x00\xf0\x9d\xcf\x0c\x9c\xff\xff\x8a\x02\x12\xa4\xff\xff\xff\xff\x00\xf0\x9d\xcf\x0c\x9c\xff\xff@\xb7\xc2\xfb\x0c\x9c\xff\xff\x01\x00\x00\x00\x00\x00\x00\x00\x00\x00\x00\x00\x00\x00\x00\x00', 3
b'\x00>\x00@\x17\xc0\xff\xff\x00\x00\x00\x00\x00\x00\x00\x00\nH\x12\xa4\xff\xff\xff\xff(\xc1\xc2\xfb\x0c\x9c\xff\xff(\xc1\xc2\xfb\x0c\x9c\xff\xff\x00\xf0\x9d\xcf\x0c\x9c\xff\xff@\xb7\xc2\xfb\x0c\x9c\xff\xff\x00\x00\x00\x00\x00\x00\x00\x00', 3
b'\x00\x00\x88\xc8\x0c\x9c\xff\xff\x00\x00\x88\xc8\x0c\x9c\xff\xff\t\x00\x00\x00\x00\x00\x00\x00\xc0\xb6\xc2\xfb\x0c\x9c\xff\xff\xd8>\x00@\x17\xc0\xff\xff\x00\x00\x00\x00\x00\x00\x00\x00\x18*\x11\xa4\xff\xff\xff\xff\xc0\xb6\xc2\xfb\x0c\x9c\xff\xff', 3
b'\x00\x00\x88\xc8\x0c\x9c\xff\xff\xc0\xb6\xc2\xfb\x0c\x9c\xff\xff\x9fJ\x11\xa4\xff\xff\xff\xff\xc0\xb6\xc2\xfb\x0c\x9c\xff\xff\xf7J\x11\xa4\xff\xff\xff\xff\x00\x00\x88\xc8\x0c\x9c\xff\xff\xc0\xb6\xc2\xfb\x0c\x9c\xff\xff\x00\x00\x00\x00\x00\x00\x00\x00', 3
b'-c\x11\xa4\xff\xff\xff\xff\x00\x00\xc0\xfb\x0c\x9c\xff\xff\x00\x00\x00\x00\x00\x00\x00\x00\x00\xae\xc1\xfb\x0c\x9c\xff\xff\x00\x00\x00\x00\xff\xff\xff\xff\x00\xd3\xc1\xfb\x0c\x9c\xff\xff\xb0P\x17\xa4\xff\xff\xff\xff\x00\xd3\xc1\xfb\x0c\x9c\xff\xff', 4
b'\x00\x00\x00\x00\x00\x00\x00\x00\x01\x00\x00\x00\x03\x00\x00\x000\x88\xc1\xfb\x0c\x9c\xff\xff\x00\x00\x00\x00\x00\x00\x00\x00\r\xdb\x06\xa4\xff\xff\xff\xff\x89\xa2\x11\xa4\xff\xff\xff\xff0\x88\xc1\xfb\x0c\x9c\xff\xff\x00\x00\x00\x00\x00\x00\x00\x00', 4
b'\xa8\xaa\x11\xa4\xff\xff\xff\xff\x00\x00\x00\x00\x00\x00\x00\x00\x08>\xc0\xa5\xff\xff\xff\xff\x01\x00\x00\x00\x00\x00\x00\x00\\g\x0e\xa4\xff\xff\xff\xff\x00\x00\x00\x00\x00\x00\x00\x00\xb2{\xc2\xa4\xff\xff\xff\xff\xf0=\xc0\xa5\xff\xff\xff\xff', 2
b'\x00\xb8\xee\xd3D\x03\x00\x00\x00\x00\x00\x00\x00\x00\x00\x00\x00\x00\x00\x00\x00\x00\x00\x00\x00\x00\x00\x00\xae\x03\x00\x00\x00\x00\x00\x00\x00\x00\x00\x00\x00\x00\x00\x00\x00\x00\x00\x00\x00\x00\x00\x00\x00\x00\x00\x00\x00\x00\x00\x00\x00\x00\x00\x00', 2
b'\x00\xc0\xc2\xfb\x0c\x9c\xff\xff@\xb7\xc2\xfb\x0c\x9c\xff\xff\xc0\xbe\xc2\xfb\x0c\x9c\xff\xffJ\x13\x12\xa4\xff\xff\xff\xff\x01\x00\x00\x00\x00\x00\x00\x00\x00\x00\x00\x00\x00\x00\x00\x00\xc0\xb6\xc2\xfb\x0c\x9c\xff\xff\xc0\xc0=\xc0\x0c\x9c\x00\x01', 2
b'\x80\xb8\xc2\xfb\x0c\x9c\xff\xff@\xf5\x9d\xcf\x0c\x9c\xff\xff\x00)\xab\xcb\x0c\x9c\xff\xff\x00\x00\x00\x00\x00\x00\x00\x00\x00\x00\x00\x00\x00\x00\x00\x00\x00\x00\x00\x00\x00\x00\x00\x00\x00\x00\x00\x00\x00\x00\x00\x00\x00\x00\x00\x00\x00\x00\x00\x00', 2
b'\xde\xa2\x84\x00\x00\x00\x00\x00\x00\x00\x00\x00\x00\x00\x00\x00\x00\x00\x00\x00\x00\x00\x00\x00`I\xf7\x1el-v\xf8\x00\x00\x00\x00\x00\x00\x00\x00\x8f"\xc6\xaf\xa4\xf8k$\x02#\xda\x84\x00\x00\x00\x00\xb8c\xb3jF\x03\x00\x00', 2
b'@\xfft\xc5\x0c\x9c\xff\xff\x00\xc0\xc2\xfb\x0c\x9c\xff\xff\x80-\xab\xcb\x0c\x9c\xff\xff\x00\x00\x00\x00\x00\x00\x00\x00\x00\x00\x00\x00\x00\x00\x00\x00\x00\x00\x00\x00\x00\x00\x00\x00\x00\x00\x00\x00\x00\x00\x00\x00\x00\x00\x00\x00\x00\x00\x00\x00', 3
b'\x00@\xdf\xdfD\x03\x00\x00\x00\x00\x00\x00\x00\x00\x00\x00\x00\x00\x00\x00\x00\x00\x00\x00\x00\x00\x00\x00\xd0\x03\x00\x00\x00\x00\x00\x00\x00\x00\x00\x00\x00\x00\x00\x00\x00\x00\x00\x00\x00\x00\x00\x00\x00\x00\x00\x00\x00\x00\x00\x00\x00\x00\x00\x00', 2
b'\x1c\xa3\x84\x00\x00\x00\x00\x00\x00\x00\x00\x00\x00\x00\x00\x00\x00\x00\x00\x00\x00\x00\x00\x00`I\xf7\x1el-v\xf8\x00\x00\x00\x00\x00\x00\x00\x00\xd4\xc3\xc6\xafo\x85l$\xa6\x8a\xdc\x84\x00\x00\x00\x00s\xee\xa4vF\x03\x00\x00', 2
b'\x00\xbc\xcf\xebD\x03\x00\x00\x00\x00\x00\x00\x00\x00\x00\x00\x00\x00\x00\x00\x00\x00\x00\x00\x00\x00\x00\x00\xef\x03\x00\x00\x00\x00\x00\x00\x00\x00\x00\x00\x00\x00\x00\x00\x00\x00\x00\x00\x00\x00\x00\x00\x00\x00\x00\x00\x00\x00\x00\x00\x00\x00\x00\x00', 2
b'T\xa3\x84\x00\x00\x00\x00\x00\x00\x00\x00\x00\x00\x00\x00\x00\x00\x00\x00\x00\x00\x00\x00\x00`I\xf7\x1el-v\xf8\x00\x00\x00\x00\x00\x00\x00\x00\rP\xc7\xaf\x19\xfdl$\xd4\xd8\xdd\x84\x00\x00\x00\x003\xf7\x94\x82F\x03\x00\x00', 2
b'\x06\x00\x00\x00\x00\x00\x00\x00@\xd3\xc1\xfb\x0c\x9c\xff\xff\xb0\xfe"C\x17\xc0\xff\xff\xceP\x17\xa4\xff\xff\xff\xff&a\xc8oF\x03\x00\x00\x00\x00\x00\x00\x00\x00\x00\x00\xfd\xda\x06\xa4\xff\xff\xff\xff\xa5}\x17\xa4\xff\xff\xff\xff', 2
b'\x00\x08\xbf\xf7D\x03\x00\x00\x00\x00\x00\x00\x00\x00\x00\x00\x00\x00\x00\x00\x00\x00\x00\x00\x00\x00\x00\x00\xc2\x03\x00\x00\x00\x00\x00\x00\x00\x00\x00\x00\x00\x00\x00\x00\x00\x00\x00\x00\x00\x00\x00\x00\x00\x00\x00\x00\x00\x00\x00\x00\x00\x00\x00\x00', 2
b'\x00\x00\x00\x00\x00\x00\x00\x00\x00\x00\x00\x00\x00\x00\x00\x00l\x00\x00\x00\x00\x00\x00\x00\xfb\x01\x00\x00\x00\x00\x00\x00\x00\x00\x00\x00\x00\x00\x00\x00X\xb4p\x01\x00\x00\x00\x00\x90\x15\x00\x00\x00\x00\x00\x00\x00\x00\x00\x00\x00\x00\x00\x00', 2
b'\x00\x00\x00\x00\x00\x00\x00\x00\x00\x00\x00\x00\x00\x00\x00\x00\x08\x00\x00\x00\x00\x00\x00\x00g\x02\x00\x00\x00\x00\x00\x00\x00\x00\x00\x00\x00\x00\x00\x00\x00\x00\x00\x00\x00\x00\x00\x00\x00\x00\x00\x00\x00\x00\x00\x00\x00\x00\x00\x00\x00\x00\x00\x00', 2
b'\x00\x00\x00\x00\x00\x00\x00\x00\xff\xff\xff\xff\xff\xff\xff\xff\x00\x00\x00\x00\x00\x00\x00\x00\x00\x00\x00\x00\x00\x00\x00\x00\x00\x00\x00\x00\x00\x00\x00\x00\x00\x00\x00\x00\x00\x00\x00\x00\x00\x00\x00\x00\x00\x00\x00\x00\x00\x00\x00\x00\x00\x00\x00\x00', 2
b'\x92\xa3\x84\x00\x00\x00\x00\x00\x00\x00\x00\x00\x00\x00\x00\x00\x00\x00\x00\x00\x00\x00\x00\x00`I\xf7\x1el-v\xf8\x00\x00\x00\x00\x00\x00\x00\x00\x85\x12\xc8\xafm\xacm$\t\\\xdf\x84\x00\x00\x00\x00R\xd9\x85\x8eF\x03\x00\x00', 2
b'\x00\x00\x00\x00\x00\x00\x00\x00\x00\x00\x00\x00\x00\x00\x00\x00\x00\x10\x89\xc6\x0c\x9c\xff\xff\x00P\xb8\xcb\x0c\x9c\xff\xff\x00\x00\x00\x00\x00\x00\x00\x00\x00\x00\x00\x00\x00\x00\x00\x00\x00\x00\x00\x00\x00\x00\x00\x00\x00\x00\x00\x00\x00\x00\x00\x00', 2
b'\x004\xaf\x03E\x03\x00\x00\x00\x00\x00\x00\x00\x00\x00\x00\x00\x00\x00\x00\x00\x00\x00\x00\x00\x00\x00\x00\xcd\x03\x00\x00\x00\x00\x00\x00\x00\x00\x00\x00\x00\x00\x00\x00\x00\x00\x00\x00\x00\x00\x00\x00\x00\x00\x00\x00\x00\x00\x00\x00\x00\x00\x00\x00', 2
b'\xd0\xa3\x84\x00\x00\x00\x00\x00\x00\x00\x00\x00\x00\x00\x00\x00\x00\x00\x00\x00\x00\x00\x00\x00`I\xf7\x1el-v\xf8\x00\x00\x00\x00\x00\x00\x00\x00\xa0\xd9\xc8\xaf\xd4Un$\xbc \xe3\x84\x00\x00\x00\x00\x83\nv\x9aF\x03\x00\x00', 2
b'\x00\x00\x00\x00\x00\x00\x00\x00\x00\x00\x00\x00\x00\x00\x00\x00\x00\x00\x00\x00\x00\x00\x00\x00\x00\x00\x00\x00\x00\x00\x00\x00p\x00\x00\x00\x00\x00\x00\x00\x8a\x00\x00\x00\x00\x00\x00\x00\x00\x00\x00\x00\x00\x00\x00\x00\x00\x00\x00\x00\x00\x00\x00\x00', 2
b'\x00l\x99\x0fE\x03\x00\x00\x00\x00\x00\x00\x00\x00\x00\x00\x00\x00\x00\x00\x00\x00\x00\x00\x00\x00\x00\x00[\x02\x00\x00\x00\x00\x00\x00\x00\x00\x00\x00\x00\x00\x00\x00\x00\x00\x00\x00\x00\x00\x00\x00\x00\x00\x00\x00\x00\x00\x00\x00\x00\x00\x00\x00', 2
b'\x01\x00\x00\x00\x00\x00\x00\x00\x00\x00\x00\x00\x00\x00\x00\x00\x00\xc8-\xcb\x0c\x9c\xff\xff\x00\xf0\x8d\xcb\x0c\x9c\xff\xff\x8a\x02\x12\xa4\xff\xff\xff\xff\x00\x00\x00\x00\x00\x00\x00\x00\x80\xb8\xc2\xfb\x0c\x9c\xff\xff\x00\x00\x00\x00\x00\x00\x00\x00', 2
b'\x0e\xa4\x84\x00\x00\x00\x00\x00\x00\x00\x00\x00\x00\x00\x00\x00\x00\x00\x00\x00\x00\x00\x00\x00`I\xf7\x1el-v\xf8\x00\x00\x00\x00\x00\x00\x00\x00\xf7\xe3\xc9\xaf\xe5Ho$IW\xe6\x84\x00\x00\x00\x00\x13\xa6g\xa6F\x03\x00\x00', 2
b'\x00\xe0\xb7\xcb\x0c\x9c\xff\xff\x00\x00\x00\x00\x00\x00\x00\x00\x05\x00\x00\x00\x00\x00\x00\x00\x01\x00\x00\x00\x00\x00\x00\x00\x00\x00\x00\x00\x00\x00\x00\x00\x00\x00\x00\x00\x00\x00\x00\x00\x01\x00\x00\x00\x00\x00\x00\x00\xb2\xeb\x00\x00\x00\x00\x00\x00', 2
b'\x00`\xb8\xcb\x0c\x9c\xff\xff\x00\x00\x00\x00\x00\x00\x00\x00\xa3\xae\x02\x00\x00\x00\x00\x00\x01\x00\x00\x00\x00\x00\x00\x00\x1a\xa6q\r\x00\x00\x00\x00nE\xd4\x0c\x00\x00\x00\x00qs\xf1\x1e\x00\x00\x00\x00\x1a\xa6q\r\x00\x00\x00\x00', 2
b'\xbd\x05\x02\x00E\xa7\x11\x00&\\\x02\x00\xafh\x11\x00\x00\x00\x00\x00\x00\x00\x00\x00\x00\x00\x00\x00\x00\x00\x00\x00\x99,\r\x00b\xec\x15\x00Y\x0f\x03\x00L\x87\x04\x00\xd5\xfa\x02\x00\t00\x00\x00\x00\x00\x00\x00\x00\x00\x00', 2
b'\x00\x00\x00\x00\x00\x00\x00\x00\x00\x00\x00\x00\x94\x13\x03\x00LU\x02\x00,N\x02\x00\x1e\xf0\x00\x00\x17\x00\x00\x00S\xf4\x1e\x00P\x15\x00\x00\xb7*\x03\x00\xc9d\x01\x00\x00\x00\x00\x00\xee\xc5\x01\x00\x00\x00\x00\x003\xbd\x00\x00', 2
b'V\xcd\x02\x00\x1a\xb5\x01\x00\x1c\xc2"\x00\x8e\x00\x00\x00~\xaa\x01\x00\x96\xb7\x01\x00\x84\x06!\x00\x16\x01\x00\x00\xd5T\x00\x00\x84*\x00\x00\x00\x00\x00\x00\x06\x04\x00\x00\x94\x02\x00\x00\x02\x18\x01\x00\x00\x00\x00\x005\x00\x00\x00', 2
b'\x1c\x1e\x02\x00\x1c\x1e\x02\x00\x00\x00\x00\x00\xde\xab@\x00\x0b\x1f\x00\x00\xd6\x8c@\x00\xe3\n\x00\x00\xfe<\x00\x00\x08\x1f\x00\x00\x00\x00\x00\x00\xa1\x1e\x00\x00\xaa\x12\x00\x00\xd6n\x07\x00^\x96K\x00\x0f\xf1\x00\x00l\xf8\x00\x00', 2
b'\xff\xff\xff\xff\xff\x03\x00\xf0\x00\x00\x00\x00\x00\x00\x00\x00\x00\x00\x00\x00\x00\x00\x00\x00\x00\x00\x00\x00\x00\x00\x00\x00\x00\x00\x00\x00\x00\x00\x00\x00\x00\x00\x00\x00\x00\x00\x00\x00\x00\x00\x00\x00\x00\x00\x00\x00\x00\x00\x00\x00\x00\x00\x00\x00', 2
b'\xff\xff\x0f\x00\x00\xe0\xff\x01\x00\x00\x00\x00\x00\x00\x00\x00\x00\x00\x00\x00\x00\x00\x00\x00\x00\x00\x00\x00\x00\x00\x00\x00\x00\x00\x00\x00\x00\x00\x00\x00\x00\x00\x00\x00\x00\x00\x00\x00\x00\x00\x00\x00\x00\x00\x00\x00\x00\x00\x00\x00\x00\x00\x00\x00', 2
b'\x00\x00\x00\x00\x00\x00\x00\x00\x00\x00\x00\x00\x00\x00\x00\x00\x00\x00\x00\x00\x00\x00\x00\x00\x00\x00\x00\x00\x00\x00\x00\x00\x00\x00\x00\x00\x00\x00\x00\x00\x00\x00\x00\x00\x00\x00\x00\x00\x00\x00\x00\x00\x00\x00\x00\x00\x88\xb9.\x00\x01\x00\x00\x00', 4
b'\x01\x00\x00\x00\x01\x00\x00\x00\x01\x00\x00\x00\x01\x00\x00\x00\x00\x00\x00\x00<\x00\x00\x00\xeb\x15\xd6a\x00\x00\x00\x00\xd3\x02\xb5,\x00\x00\x00\x00\x00\x00\x00\x00\x00\x00\x00\x00\x00\xb0\x7f\x00\x00\x00\x00\x00<\x00\x00\x00\x00\x00\x00\x00', 2
b'\x1c\x00\x00\x00\x00\x00\x00\x00\x00\x00\x00\x00\x00\x00\x00\x00\x00\x00\x00\x00\x00\x00\x00\x00\x00\x00\x00\x00\x00\x00\x00\x00\x00\x00\x00\x00\x00\x00\x00\x00\x00\x00\x00\x00\x00\x00\x00\x00\x00\x00\x00\x00\x00\x00\x00\x00\x00\x00\x00\x00\x00\x00\x00\x00', 2
b'\x00P\x87\x1bE\x03\x00\x00\x00\x00\x00\x00\x00\x00\x00\x00\x00\x00\x00\x00\x00\x00\x00\x00\x00\x00\x00\x00\xd4\x01\x00\x00\x00\x00\x00\x00\x00\x00\x00\x00\x00\x00\x00\x00\x00\x00\x00\x00\x00\x00\x00\x00\x00\x00\x00\x00\x00\x00\x00\x00\x00\x00\x00\x00', 2
b'L\xa4\x84\x00\x00\x00\x00\x00\x00\x00\x00\x00\x00\x00\x00\x00\x00\x00\x00\x00\x00\x00\x00\x00`I\xf7\x1el-v\xf8\x00\x00\x00\x00\x00\x00\x00\x00\xc4u\xca\xaf\xe7\xc6o$\xd7e\xe9\x84\x00\x00\x00\x00~\x9dY\xb2F\x03\x00\x00', 2
b"\x00px'E\x03\x00\x00\x00\x00\x00\x00\x00\x00\x00\x00\x00\x00\x00\x00\x00\x00\x00\x00\x00\x00\x00\x00\x1c\x02\x00\x00\x00\x00\x00\x00\x00\x00\x00\x00\x00\x00\x00\x00\x00\x00\x00\x00\x00\x00\x00\x00\x00\x00\x00\x00\x00\x00\x00\x00\x00\x00\x00\x00", 2
b'\x10\xec\x0f\xa4\xff\xff\xff\xff\x00\x00\xa0*\x00\x00\x00\x00\x00\xaa\x11\xc0\x0c\x9c\xff\xff\x00 \x00\x00\x00\x00\x00\x00\xb5\xd5\xa5\x10\x00\x00\x00\x00\x9eR\x9c\x10\x00\x00\x00\x00\x00\x00\x00\x00\x00\x00\x00\x00\x00\x00\x00\x00\x00\x00\x00\x00', 2
b'\x00\x00\x00\x00\x00\x00\x00\x00\x00\x00\x00\x00\x00\x00\x00\x00\x00\x00\x00\x00\x00\x00\x00\x00\x00\x00\x00\x00\x00\x00\x00\x00\xf1\x01\x00\x00\x00\x00\x00\x00\x87\x00\x00\x00\x00\x00\x00\x00\xd6\x00\x00\x00\x00\x00\x00\x00\x00\x00\x00\x00\x00\x00\x00\x00', 2
b'\x03\x00\x00\x00\x00\x00\x00\x00\x92\x00\x00\x00\x00\x00\x00\x00\x00\x00\x00\x00\x00\x00\x00\x00\x00\x00\x00\x00\x00\x00\x00\x00\x00\x00\x00\x00\x00\x00\x00\x00\x00\x00\x00\x00\x00\x00\x00\x00@\xf2\x13\xa4\xff\xff\xff\xff\x00\x00\x00\x00\x00\x00\x00\x00', 2
b'\x88\xa4\x84\x00\x00\x00\x00\x00\x00\x00\x00\x00\x01\x00\x00\x00\x01\x00\x00\x00@\x00\x00\x00`I\xf7\x1el-v\xf8\x00\x00\x00\x00\x00\x00\x00\x00u\x18\xcb\xaflTp$\x0b\xbf\xea\x84\x00\x00\x00\x00\xb1\xd7\x1c\xc0F\x03\x00\x00', 2
b'\x00\x00\x00\x00\x00\x00\x00\x00\x84\x03\x00\x00\x00\x00\x00\x00\x01\x00\x00\x00\x00\x00\x00\x00\x00\x00\x00\x00\x00\x00\x00\x00\x99\xfa(@\x17\xc0\xff\xff\x98\xfa.@\x17\xc0\xff\xff\xe0\xfc"C\x17\xc0\xff\xff\x9c\x95P&G\x03\x00\x00', 2
b'\x00\xd0\x9f3E\x03\x00\x00\x00\x00\x00\x00\x00\x00\x00\x00\x00\x00\x00\x00\x00\x00\x00\x00\x00\x00\x00\x00\xf4\x03\x00\x00\x00\x00\x00\x00\x00\x00\x00\x00\x00\x00\x00\x00\x00\x00\x00\x00\x00\x00\x00\x00\x00\x00\x00\x00\x00\x00\x00\x00\x00\x00\x00\x00', 2
b'\x12\xa5\x84\x00\x00\x00\x00\x00\x00\x00\x00\x00\x00\x00\x00\x00\x00\x00\x00\x00\x00\x00\x00\x00`I\xf7\x1el-v\xf8\x00\x00\x00\x00\x00\x00\x00\x00hy\xd6\xaf\xb1Mq$W0\x18\x85\x00\x00\x00\x00\xc9qA\xcaF\x03\x00\x00', 2
b'\x00\xc8X?E\x03\x00\x00\x00\x00\x00\x00\x00\x00\x00\x00\x00\x00\x00\x00\x00\x00\x00\x00\x00\x00\x00\x002\x02\x00\x00\x00\x00\x00\x00\x00\x00\x00\x00\x00\x00\x00\x00\x00\x00\x00\x00\x00\x00\x00\x00\x00\x00\x00\x00\x00\x00\x00\x00\x00\x00\x00\x00', 2
b'P\xa5\x84\x00\x00\x00\x00\x00\x00\x00\x00\x00\x00\x00\x00\x00\x00\x00\x00\x00\x00\x00\x00\x00`I\xf7\x1el-v\xf8\x00\x00\x00\x00\x00\x00\x00\x00\r \xd7\xafm\xddq$m\xef\x1a\x85\x00\x00\x00\x00\xabp1\xd6F\x03\x00\x00', 2
b'\x00\xa4GKE\x03\x00\x00\x00\x00\x00\x00\x00\x00\x00\x00\x00\x00\x00\x00\x00\x00\x00\x00\x00\x00\x00\x00\xe9\x01\x00\x00\x00\x00\x00\x00\x00\x00\x00\x00\x00\x00\x00\x00\x00\x00\x00\x00\x00\x00\x00\x00\x00\x00\x00\x00\x00\x00\x00\x00\x00\x00\x00\x00', 2
